day,date,week,theme,themeOverlay,slot,timeLocal,publishAt,formatId,formatLabel,template,durationSec,hook,cta,hashtags,dataNeeds,status,videoFile,notes
1,2026-08-20,1,decouverte,C'est quoi PASS50 ? Le classement qui mesure l'activité publique.,1,07:00,2026-08-20T07:00,top3_matin,Top 3 du matin,top3,18,Le classement vient de bouger.,Lien en bio → pass50.store,#pass50 #pass50store #classement #influenceurs #tiktokci,top3|period24h,rendered,output/day-01/day-01_slot-01_top3_matin.mp4,"top3=Emma Lohoues,Lo Père Daloa,Paul Yves Ettien;spotlight=Apoutchou National;gainer=Lo Père Daloa;liveAM=Teknoush;livePM=Paul Yves Ettien"
1,2026-08-20,1,decouverte,C'est quoi PASS50 ? Le classement qui mesure l'activité publique.,2,09:00,2026-08-20T09:00,live_radar_matin,Radar live matin,live_alert,15,Quelqu'un est en live — radar PASS50.,Lien en bio → pass50.store,#pass50 #pass50store #classement #influenceurs #tiktokci,liveProfiles,rendered,output/day-01/day-01_slot-02_live_radar_matin.mp4,"top3=Emma Lohoues,Lo Père Daloa,Paul Yves Ettien;spotlight=Apoutchou National;gainer=Lo Père Daloa;liveAM=Teknoush;livePM=Paul Yves Ettien"
1,2026-08-20,1,decouverte,C'est quoi PASS50 ? Le classement qui mesure l'activité publique.,3,11:00,2026-08-20T11:00,fi_spotlight,FI du jour,profile_spotlight,20,Profil à suivre aujourd'hui.,Lien en bio → pass50.store,#pass50 #pass50store #classement #influenceurs #tiktokci,spotlightProfile|scoreDelta,rendered,output/day-01/day-01_slot-03_fi_spotlight.mp4,"top3=Emma Lohoues,Lo Père Daloa,Paul Yves Ettien;spotlight=Apoutchou National;gainer=Lo Père Daloa;liveAM=Teknoush;livePM=Paul Yves Ettien"
1,2026-08-20,1,decouverte,C'est quoi PASS50 ? Le classement qui mesure l'activité publique.,4,13:00,2026-08-20T13:00,classement_24h,Classement 24 h,ranking_table,22,Classement PASS50 — période 24 h.,Lien en bio → pass50.store,#pass50 #pass50store #classement #influenceurs #tiktokci,top10|period24h,rendered,output/day-01/day-01_slot-04_classement_24h.mp4,"top3=Emma Lohoues,Lo Père Daloa,Paul Yves Ettien;spotlight=Apoutchou National;gainer=Lo Père Daloa;liveAM=Teknoush;livePM=Paul Yves Ettien"
1,2026-08-20,1,decouverte,C'est quoi PASS50 ? Le classement qui mesure l'activité publique.,5,15:00,2026-08-20T15:00,sondage,Sondage / débat,poll,16,Tu mises sur qui pour ce soir ?,Lien en bio → pass50.store,#pass50 #pass50store #classement #influenceurs #tiktokci,top3,rendered,output/day-01/day-01_slot-05_sondage.mp4,"top3=Emma Lohoues,Lo Père Daloa,Paul Yves Ettien;spotlight=Apoutchou National;gainer=Lo Père Daloa;liveAM=Teknoush;livePM=Paul Yves Ettien"
1,2026-08-20,1,decouverte,C'est quoi PASS50 ? Le classement qui mesure l'activité publique.,6,17:00,2026-08-20T17:00,buzz_montee,Buzz / montée,momentum,18,Plus grosse montée du moment.,Lien en bio → pass50.store,#pass50 #pass50store #classement #influenceurs #tiktokci,biggestGainer|scoreDelta,rendered,output/day-01/day-01_slot-06_buzz_montee.mp4,"top3=Emma Lohoues,Lo Père Daloa,Paul Yves Ettien;spotlight=Apoutchou National;gainer=Lo Père Daloa;liveAM=Teknoush;livePM=Paul Yves Ettien"
1,2026-08-20,1,decouverte,C'est quoi PASS50 ? Le classement qui mesure l'activité publique.,7,19:00,2026-08-20T19:00,live_radar_soir,Radar live soir,live_alert,15,Live du soir sur le radar.,Lien en bio → pass50.store,#pass50 #pass50store #classement #influenceurs #tiktokci,liveProfiles,rendered,output/day-01/day-01_slot-07_live_radar_soir.mp4,"top3=Emma Lohoues,Lo Père Daloa,Paul Yves Ettien;spotlight=Apoutchou National;gainer=Lo Père Daloa;liveAM=Teknoush;livePM=Paul Yves Ettien"
1,2026-08-20,1,decouverte,C'est quoi PASS50 ? Le classement qui mesure l'activité publique.,8,21:00,2026-08-20T21:00,top3_soir,Top 3 du soir,top3,18,Top 3 avant minuit.,Lien en bio → pass50.store,#pass50 #pass50store #classement #influenceurs #tiktokci,top3|period24h,rendered,output/day-01/day-01_slot-08_top3_soir.mp4,"top3=Emma Lohoues,Lo Père Daloa,Paul Yves Ettien;spotlight=Apoutchou National;gainer=Lo Père Daloa;liveAM=Teknoush;livePM=Paul Yves Ettien"
1,2026-08-20,1,decouverte,C'est quoi PASS50 ? Le classement qui mesure l'activité publique.,9,23:00,2026-08-20T23:00,recap_jour,Récap journée,daily_recap,24,Récap PASS50 de la journée.,Lien en bio → pass50.store,#pass50 #pass50store #classement #influenceurs #tiktokci,top3|biggestGainer|liveCount,rendered,output/day-01/day-01_slot-09_recap_jour.mp4,"top3=Emma Lohoues,Lo Père Daloa,Paul Yves Ettien;spotlight=Apoutchou National;gainer=Lo Père Daloa;liveAM=Teknoush;livePM=Paul Yves Ettien"
1,2026-08-20,1,decouverte,C'est quoi PASS50 ? Le classement qui mesure l'activité publique.,10,01:00,2026-08-21T01:00,teaser_lendemain,Teaser lendemain,teaser,14,Demain matin : nouveau Top 3.,Lien en bio → pass50.store,#pass50 #pass50store #classement #influenceurs #tiktokci,,rendered,output/day-01/day-01_slot-10_teaser_lendemain.mp4,"top3=Emma Lohoues,Lo Père Daloa,Paul Yves Ettien;spotlight=Apoutchou National;gainer=Lo Père Daloa;liveAM=Teknoush;livePM=Paul Yves Ettien"
1,2026-08-20,1,decouverte,C'est quoi PASS50 ? Le classement qui mesure l'activité publique.,11,03:00,2026-08-21T03:00,coulisses,Coulisses / éducatif,explainer,20,Comment PASS50 calcule un score ?,Lien en bio → pass50.store,#pass50 #pass50store #classement #influenceurs #tiktokci,,rendered,output/day-01/day-01_slot-11_coulisses.mp4,"top3=Emma Lohoues,Lo Père Daloa,Paul Yves Ettien;spotlight=Apoutchou National;gainer=Lo Père Daloa;liveAM=Teknoush;livePM=Paul Yves Ettien"
1,2026-08-20,1,decouverte,C'est quoi PASS50 ? Le classement qui mesure l'activité publique.,12,05:00,2026-08-21T05:00,classement_7j,Classement 7 j,ranking_table,20,Vue 7 jours — qui tient la route ?,Lien en bio → pass50.store,#pass50 #pass50store #classement #influenceurs #tiktokci,top5|period7j,rendered,output/day-01/day-01_slot-12_classement_7j.mp4,"top3=Emma Lohoues,Lo Père Daloa,Paul Yves Ettien;spotlight=Apoutchou National;gainer=Lo Père Daloa;liveAM=Teknoush;livePM=Paul Yves Ettien"
2,2026-08-21,1,decouverte,C'est quoi PASS50 ? Le classement qui mesure l'activité publique.,1,07:00,2026-08-21T07:00,top3_matin,Top 3 du matin,top3,18,Top 3 PASS50 ce matin.,Lien en bio → pass50.store,#pass50 #pass50store #classement #tiktokci #abidjan,top3|period24h,rendered,output/day-02/day-02_slot-01_top3_matin.mp4,"top3=Emma Lohoues,Lo Père Daloa,Paul Yves Ettien;spotlight=Maabio;gainer=Emma Lohoues;liveAM=INadeBelle;livePM=Apoutchou National"
2,2026-08-21,1,decouverte,C'est quoi PASS50 ? Le classement qui mesure l'activité publique.,2,09:00,2026-08-21T09:00,live_radar_matin,Radar live matin,live_alert,15,Alerte live détectée.,Lien en bio → pass50.store,#pass50 #pass50store #classement #tiktokci #abidjan,liveProfiles,rendered,output/day-02/day-02_slot-02_live_radar_matin.mp4,"top3=Emma Lohoues,Lo Père Daloa,Paul Yves Ettien;spotlight=Maabio;gainer=Emma Lohoues;liveAM=INadeBelle;livePM=Apoutchou National"
2,2026-08-21,1,decouverte,C'est quoi PASS50 ? Le classement qui mesure l'activité publique.,3,11:00,2026-08-21T11:00,fi_spotlight,FI du jour,profile_spotlight,20,Une FI monte fort.,Lien en bio → pass50.store,#pass50 #pass50store #classement #tiktokci #abidjan,spotlightProfile|scoreDelta,rendered,output/day-02/day-02_slot-03_fi_spotlight.mp4,"top3=Emma Lohoues,Lo Père Daloa,Paul Yves Ettien;spotlight=Maabio;gainer=Emma Lohoues;liveAM=INadeBelle;livePM=Apoutchou National"
2,2026-08-21,1,decouverte,C'est quoi PASS50 ? Le classement qui mesure l'activité publique.,4,13:00,2026-08-21T13:00,classement_24h,Classement 24 h,ranking_table,22,Le Top 10 en un écran.,Lien en bio → pass50.store,#pass50 #pass50store #classement #tiktokci #abidjan,top10|period24h,rendered,output/day-02/day-02_slot-04_classement_24h.mp4,"top3=Emma Lohoues,Lo Père Daloa,Paul Yves Ettien;spotlight=Maabio;gainer=Emma Lohoues;liveAM=INadeBelle;livePM=Apoutchou National"
2,2026-08-21,1,decouverte,C'est quoi PASS50 ? Le classement qui mesure l'activité publique.,5,15:00,2026-08-21T15:00,sondage,Sondage / débat,poll,16,"Commente 1, 2 ou 3.",Lien en bio → pass50.store,#pass50 #pass50store #classement #tiktokci #abidjan,top3,rendered,output/day-02/day-02_slot-05_sondage.mp4,"top3=Emma Lohoues,Lo Père Daloa,Paul Yves Ettien;spotlight=Maabio;gainer=Emma Lohoues;liveAM=INadeBelle;livePM=Apoutchou National"
2,2026-08-21,1,decouverte,C'est quoi PASS50 ? Le classement qui mesure l'activité publique.,6,17:00,2026-08-21T17:00,buzz_montee,Buzz / montée,momentum,18,Ce profil explose le classement.,Lien en bio → pass50.store,#pass50 #pass50store #classement #tiktokci #abidjan,biggestGainer|scoreDelta,rendered,output/day-02/day-02_slot-06_buzz_montee.mp4,"top3=Emma Lohoues,Lo Père Daloa,Paul Yves Ettien;spotlight=Maabio;gainer=Emma Lohoues;liveAM=INadeBelle;livePM=Apoutchou National"
2,2026-08-21,1,decouverte,C'est quoi PASS50 ? Le classement qui mesure l'activité publique.,7,19:00,2026-08-21T19:00,live_radar_soir,Radar live soir,live_alert,15,"Le soir, ça chauffe sur PASS50.",Lien en bio → pass50.store,#pass50 #pass50store #classement #tiktokci #abidjan,liveProfiles,rendered,output/day-02/day-02_slot-07_live_radar_soir.mp4,"top3=Emma Lohoues,Lo Père Daloa,Paul Yves Ettien;spotlight=Maabio;gainer=Emma Lohoues;liveAM=INadeBelle;livePM=Apoutchou National"
2,2026-08-21,1,decouverte,C'est quoi PASS50 ? Le classement qui mesure l'activité publique.,8,21:00,2026-08-21T21:00,top3_soir,Top 3 du soir,top3,18,Classement du soir.,Lien en bio → pass50.store,#pass50 #pass50store #classement #tiktokci #abidjan,top3|period24h,rendered,output/day-02/day-02_slot-08_top3_soir.mp4,"top3=Emma Lohoues,Lo Père Daloa,Paul Yves Ettien;spotlight=Maabio;gainer=Emma Lohoues;liveAM=INadeBelle;livePM=Apoutchou National"
2,2026-08-21,1,decouverte,C'est quoi PASS50 ? Le classement qui mesure l'activité publique.,9,23:00,2026-08-21T23:00,recap_jour,Récap journée,daily_recap,24,Ce qu'il s'est passé aujourd'hui.,Lien en bio → pass50.store,#pass50 #pass50store #classement #tiktokci #abidjan,top3|biggestGainer|liveCount,rendered,output/day-02/day-02_slot-09_recap_jour.mp4,"top3=Emma Lohoues,Lo Père Daloa,Paul Yves Ettien;spotlight=Maabio;gainer=Emma Lohoues;liveAM=INadeBelle;livePM=Apoutchou National"
2,2026-08-21,1,decouverte,C'est quoi PASS50 ? Le classement qui mesure l'activité publique.,10,01:00,2026-08-22T01:00,teaser_lendemain,Teaser lendemain,teaser,14,Rendez-vous dans 6 h.,Lien en bio → pass50.store,#pass50 #pass50store #classement #tiktokci #abidjan,,rendered,output/day-02/day-02_slot-10_teaser_lendemain.mp4,"top3=Emma Lohoues,Lo Père Daloa,Paul Yves Ettien;spotlight=Maabio;gainer=Emma Lohoues;liveAM=INadeBelle;livePM=Apoutchou National"
2,2026-08-21,1,decouverte,C'est quoi PASS50 ? Le classement qui mesure l'activité publique.,11,03:00,2026-08-22T03:00,coulisses,Coulisses / éducatif,explainer,20,C'est quoi le radar live ?,Lien en bio → pass50.store,#pass50 #pass50store #classement #tiktokci #abidjan,,rendered,output/day-02/day-02_slot-11_coulisses.mp4,"top3=Emma Lohoues,Lo Père Daloa,Paul Yves Ettien;spotlight=Maabio;gainer=Emma Lohoues;liveAM=INadeBelle;livePM=Apoutchou National"
2,2026-08-21,1,decouverte,C'est quoi PASS50 ? Le classement qui mesure l'activité publique.,12,05:00,2026-08-22T05:00,classement_7j,Classement 7 j,ranking_table,20,"Le marathon, pas le sprint.",Lien en bio → pass50.store,#pass50 #pass50store #classement #tiktokci #abidjan,top5|period7j,rendered,output/day-02/day-02_slot-12_classement_7j.mp4,"top3=Emma Lohoues,Lo Père Daloa,Paul Yves Ettien;spotlight=Maabio;gainer=Emma Lohoues;liveAM=INadeBelle;livePM=Apoutchou National"
3,2026-08-22,1,decouverte,C'est quoi PASS50 ? Le classement qui mesure l'activité publique.,1,07:00,2026-08-22T07:00,top3_matin,Top 3 du matin,top3,18,Qui domine la période 24 h ?,Lien en bio → pass50.store,#pass50 #pass50store #classement #abidjan #live,top3|period24h,rendered,output/day-03/day-03_slot-01_top3_matin.mp4,"top3=Emma Lohoues,Lo Père Daloa,Paul Yves Ettien;spotlight=Teknoush;gainer=TMA Crush;liveAM=Kévine Obin;livePM=Maabio"
3,2026-08-22,1,decouverte,C'est quoi PASS50 ? Le classement qui mesure l'activité publique.,2,09:00,2026-08-22T09:00,live_radar_matin,Radar live matin,live_alert,15,Le radar vient de s'allumer.,Lien en bio → pass50.store,#pass50 #pass50store #classement #abidjan #live,liveProfiles,rendered,output/day-03/day-03_slot-02_live_radar_matin.mp4,"top3=Emma Lohoues,Lo Père Daloa,Paul Yves Ettien;spotlight=Teknoush;gainer=TMA Crush;liveAM=Kévine Obin;livePM=Maabio"
3,2026-08-22,1,decouverte,C'est quoi PASS50 ? Le classement qui mesure l'activité publique.,3,11:00,2026-08-22T11:00,fi_spotlight,FI du jour,profile_spotlight,20,Tu connais ce profil PASS50 ?,Lien en bio → pass50.store,#pass50 #pass50store #classement #abidjan #live,spotlightProfile|scoreDelta,rendered,output/day-03/day-03_slot-03_fi_spotlight.mp4,"top3=Emma Lohoues,Lo Père Daloa,Paul Yves Ettien;spotlight=Teknoush;gainer=TMA Crush;liveAM=Kévine Obin;livePM=Maabio"
3,2026-08-22,1,decouverte,C'est quoi PASS50 ? Le classement qui mesure l'activité publique.,4,13:00,2026-08-22T13:00,classement_24h,Classement 24 h,ranking_table,22,Les chiffres ne mentent pas… enfin presque.,Lien en bio → pass50.store,#pass50 #pass50store #classement #abidjan #live,top10|period24h,rendered,output/day-03/day-03_slot-04_classement_24h.mp4,"top3=Emma Lohoues,Lo Père Daloa,Paul Yves Ettien;spotlight=Teknoush;gainer=TMA Crush;liveAM=Kévine Obin;livePM=Maabio"
3,2026-08-22,1,decouverte,C'est quoi PASS50 ? Le classement qui mesure l'activité publique.,5,15:00,2026-08-22T15:00,sondage,Sondage / débat,poll,16,Débat : ce Top 3 est mérité ?,Lien en bio → pass50.store,#pass50 #pass50store #classement #abidjan #live,top3,rendered,output/day-03/day-03_slot-05_sondage.mp4,"top3=Emma Lohoues,Lo Père Daloa,Paul Yves Ettien;spotlight=Teknoush;gainer=TMA Crush;liveAM=Kévine Obin;livePM=Maabio"
3,2026-08-22,1,decouverte,C'est quoi PASS50 ? Le classement qui mesure l'activité publique.,6,17:00,2026-08-22T17:00,buzz_montee,Buzz / montée,momentum,18,Buzz PASS50 : regarde cette progression.,Lien en bio → pass50.store,#pass50 #pass50store #classement #abidjan #live,biggestGainer|scoreDelta,rendered,output/day-03/day-03_slot-06_buzz_montee.mp4,"top3=Emma Lohoues,Lo Père Daloa,Paul Yves Ettien;spotlight=Teknoush;gainer=TMA Crush;liveAM=Kévine Obin;livePM=Maabio"
3,2026-08-22,1,decouverte,C'est quoi PASS50 ? Le classement qui mesure l'activité publique.,7,19:00,2026-08-22T19:00,live_radar_soir,Radar live soir,live_alert,15,Qui est en direct maintenant ?,Lien en bio → pass50.store,#pass50 #pass50store #classement #abidjan #live,liveProfiles,rendered,output/day-03/day-03_slot-07_live_radar_soir.mp4,"top3=Emma Lohoues,Lo Père Daloa,Paul Yves Ettien;spotlight=Teknoush;gainer=TMA Crush;liveAM=Kévine Obin;livePM=Maabio"
3,2026-08-22,1,decouverte,C'est quoi PASS50 ? Le classement qui mesure l'activité publique.,8,21:00,2026-08-22T21:00,top3_soir,Top 3 du soir,top3,18,La course continue.,Lien en bio → pass50.store,#pass50 #pass50store #classement #abidjan #live,top3|period24h,rendered,output/day-03/day-03_slot-08_top3_soir.mp4,"top3=Emma Lohoues,Lo Père Daloa,Paul Yves Ettien;spotlight=Teknoush;gainer=TMA Crush;liveAM=Kévine Obin;livePM=Maabio"
3,2026-08-22,1,decouverte,C'est quoi PASS50 ? Le classement qui mesure l'activité publique.,9,23:00,2026-08-22T23:00,recap_jour,Récap journée,daily_recap,24,Bilan en 20 secondes.,Lien en bio → pass50.store,#pass50 #pass50store #classement #abidjan #live,top3|biggestGainer|liveCount,rendered,output/day-03/day-03_slot-09_recap_jour.mp4,"top3=Emma Lohoues,Lo Père Daloa,Paul Yves Ettien;spotlight=Teknoush;gainer=TMA Crush;liveAM=Kévine Obin;livePM=Maabio"
3,2026-08-22,1,decouverte,C'est quoi PASS50 ? Le classement qui mesure l'activité publique.,10,01:00,2026-08-23T01:00,teaser_lendemain,Teaser lendemain,teaser,14,Le classement ne dort jamais.,Lien en bio → pass50.store,#pass50 #pass50store #classement #abidjan #live,,rendered,output/day-03/day-03_slot-10_teaser_lendemain.mp4,"top3=Emma Lohoues,Lo Père Daloa,Paul Yves Ettien;spotlight=Teknoush;gainer=TMA Crush;liveAM=Kévine Obin;livePM=Maabio"
3,2026-08-22,1,decouverte,C'est quoi PASS50 ? Le classement qui mesure l'activité publique.,11,03:00,2026-08-23T03:00,coulisses,Coulisses / éducatif,explainer,20,Pourquoi le classement bouge.,Lien en bio → pass50.store,#pass50 #pass50store #classement #abidjan #live,,rendered,output/day-03/day-03_slot-11_coulisses.mp4,"top3=Emma Lohoues,Lo Père Daloa,Paul Yves Ettien;spotlight=Teknoush;gainer=TMA Crush;liveAM=Kévine Obin;livePM=Maabio"
3,2026-08-22,1,decouverte,C'est quoi PASS50 ? Le classement qui mesure l'activité publique.,12,05:00,2026-08-23T05:00,classement_7j,Classement 7 j,ranking_table,20,Top 5 sur la semaine.,Lien en bio → pass50.store,#pass50 #pass50store #classement #abidjan #live,top5|period7j,rendered,output/day-03/day-03_slot-12_classement_7j.mp4,"top3=Emma Lohoues,Lo Père Daloa,Paul Yves Ettien;spotlight=Teknoush;gainer=TMA Crush;liveAM=Kévine Obin;livePM=Maabio"
4,2026-08-23,1,decouverte,C'est quoi PASS50 ? Le classement qui mesure l'activité publique.,1,07:00,2026-08-23T07:00,top3_matin,Top 3 du matin,top3,18,Le classement vient de bouger.,Lien en bio → pass50.store,#pass50 #pass50store #classement #live #buzz,top3|period24h,rendered,output/day-04/day-04_slot-01_top3_matin.mp4,"top3=Emma Lohoues,Lo Père Daloa,Paul Yves Ettien;spotlight=INadeBelle;gainer=Paul Yves Ettien;liveAM=Edith Brou Bleu;livePM=Teknoush"
4,2026-08-23,1,decouverte,C'est quoi PASS50 ? Le classement qui mesure l'activité publique.,2,09:00,2026-08-23T09:00,live_radar_matin,Radar live matin,live_alert,15,Quelqu'un est en live — radar PASS50.,Lien en bio → pass50.store,#pass50 #pass50store #classement #live #buzz,liveProfiles,rendered,output/day-04/day-04_slot-02_live_radar_matin.mp4,"top3=Emma Lohoues,Lo Père Daloa,Paul Yves Ettien;spotlight=INadeBelle;gainer=Paul Yves Ettien;liveAM=Edith Brou Bleu;livePM=Teknoush"
4,2026-08-23,1,decouverte,C'est quoi PASS50 ? Le classement qui mesure l'activité publique.,3,11:00,2026-08-23T11:00,fi_spotlight,FI du jour,profile_spotlight,20,Profil à suivre aujourd'hui.,Lien en bio → pass50.store,#pass50 #pass50store #classement #live #buzz,spotlightProfile|scoreDelta,rendered,output/day-04/day-04_slot-03_fi_spotlight.mp4,"top3=Emma Lohoues,Lo Père Daloa,Paul Yves Ettien;spotlight=INadeBelle;gainer=Paul Yves Ettien;liveAM=Edith Brou Bleu;livePM=Teknoush"
4,2026-08-23,1,decouverte,C'est quoi PASS50 ? Le classement qui mesure l'activité publique.,4,13:00,2026-08-23T13:00,classement_24h,Classement 24 h,ranking_table,22,Classement PASS50 — période 24 h.,Lien en bio → pass50.store,#pass50 #pass50store #classement #live #buzz,top10|period24h,rendered,output/day-04/day-04_slot-04_classement_24h.mp4,"top3=Emma Lohoues,Lo Père Daloa,Paul Yves Ettien;spotlight=INadeBelle;gainer=Paul Yves Ettien;liveAM=Edith Brou Bleu;livePM=Teknoush"
4,2026-08-23,1,decouverte,C'est quoi PASS50 ? Le classement qui mesure l'activité publique.,5,15:00,2026-08-23T15:00,sondage,Sondage / débat,poll,16,Tu mises sur qui pour ce soir ?,Lien en bio → pass50.store,#pass50 #pass50store #classement #live #buzz,top3,rendered,output/day-04/day-04_slot-05_sondage.mp4,"top3=Emma Lohoues,Lo Père Daloa,Paul Yves Ettien;spotlight=INadeBelle;gainer=Paul Yves Ettien;liveAM=Edith Brou Bleu;livePM=Teknoush"
4,2026-08-23,1,decouverte,C'est quoi PASS50 ? Le classement qui mesure l'activité publique.,6,17:00,2026-08-23T17:00,buzz_montee,Buzz / montée,momentum,18,Plus grosse montée du moment.,Lien en bio → pass50.store,#pass50 #pass50store #classement #live #buzz,biggestGainer|scoreDelta,rendered,output/day-04/day-04_slot-06_buzz_montee.mp4,"top3=Emma Lohoues,Lo Père Daloa,Paul Yves Ettien;spotlight=INadeBelle;gainer=Paul Yves Ettien;liveAM=Edith Brou Bleu;livePM=Teknoush"
4,2026-08-23,1,decouverte,C'est quoi PASS50 ? Le classement qui mesure l'activité publique.,7,19:00,2026-08-23T19:00,live_radar_soir,Radar live soir,live_alert,15,Live du soir sur le radar.,Lien en bio → pass50.store,#pass50 #pass50store #classement #live #buzz,liveProfiles,rendered,output/day-04/day-04_slot-07_live_radar_soir.mp4,"top3=Emma Lohoues,Lo Père Daloa,Paul Yves Ettien;spotlight=INadeBelle;gainer=Paul Yves Ettien;liveAM=Edith Brou Bleu;livePM=Teknoush"
4,2026-08-23,1,decouverte,C'est quoi PASS50 ? Le classement qui mesure l'activité publique.,8,21:00,2026-08-23T21:00,top3_soir,Top 3 du soir,top3,18,Top 3 avant minuit.,Lien en bio → pass50.store,#pass50 #pass50store #classement #live #buzz,top3|period24h,rendered,output/day-04/day-04_slot-08_top3_soir.mp4,"top3=Emma Lohoues,Lo Père Daloa,Paul Yves Ettien;spotlight=INadeBelle;gainer=Paul Yves Ettien;liveAM=Edith Brou Bleu;livePM=Teknoush"
4,2026-08-23,1,decouverte,C'est quoi PASS50 ? Le classement qui mesure l'activité publique.,9,23:00,2026-08-23T23:00,recap_jour,Récap journée,daily_recap,24,Récap PASS50 de la journée.,Lien en bio → pass50.store,#pass50 #pass50store #classement #live #buzz,top3|biggestGainer|liveCount,rendered,output/day-04/day-04_slot-09_recap_jour.mp4,"top3=Emma Lohoues,Lo Père Daloa,Paul Yves Ettien;spotlight=INadeBelle;gainer=Paul Yves Ettien;liveAM=Edith Brou Bleu;livePM=Teknoush"
4,2026-08-23,1,decouverte,C'est quoi PASS50 ? Le classement qui mesure l'activité publique.,10,01:00,2026-08-24T01:00,teaser_lendemain,Teaser lendemain,teaser,14,Demain matin : nouveau Top 3.,Lien en bio → pass50.store,#pass50 #pass50store #classement #live #buzz,,rendered,output/day-04/day-04_slot-10_teaser_lendemain.mp4,"top3=Emma Lohoues,Lo Père Daloa,Paul Yves Ettien;spotlight=INadeBelle;gainer=Paul Yves Ettien;liveAM=Edith Brou Bleu;livePM=Teknoush"
4,2026-08-23,1,decouverte,C'est quoi PASS50 ? Le classement qui mesure l'activité publique.,11,03:00,2026-08-24T03:00,coulisses,Coulisses / éducatif,explainer,20,Comment PASS50 calcule un score ?,Lien en bio → pass50.store,#pass50 #pass50store #classement #live #buzz,,rendered,output/day-04/day-04_slot-11_coulisses.mp4,"top3=Emma Lohoues,Lo Père Daloa,Paul Yves Ettien;spotlight=INadeBelle;gainer=Paul Yves Ettien;liveAM=Edith Brou Bleu;livePM=Teknoush"
4,2026-08-23,1,decouverte,C'est quoi PASS50 ? Le classement qui mesure l'activité publique.,12,05:00,2026-08-24T05:00,classement_7j,Classement 7 j,ranking_table,20,Vue 7 jours — qui tient la route ?,Lien en bio → pass50.store,#pass50 #pass50store #classement #live #buzz,top5|period7j,rendered,output/day-04/day-04_slot-12_classement_7j.mp4,"top3=Emma Lohoues,Lo Père Daloa,Paul Yves Ettien;spotlight=INadeBelle;gainer=Paul Yves Ettien;liveAM=Edith Brou Bleu;livePM=Teknoush"
5,2026-08-24,1,decouverte,C'est quoi PASS50 ? Le classement qui mesure l'activité publique.,1,07:00,2026-08-24T07:00,top3_matin,Top 3 du matin,top3,18,Top 3 PASS50 ce matin.,Lien en bio → pass50.store,#pass50 #pass50store #classement #buzz #top50,top3|period24h,rendered,output/day-05/day-05_slot-01_top3_matin.mp4,"top3=Emma Lohoues,Lo Père Daloa,Paul Yves Ettien;spotlight=Kévine Obin;gainer=Kévine Obin;liveAM=Eunice Zunon;livePM=INadeBelle"
5,2026-08-24,1,decouverte,C'est quoi PASS50 ? Le classement qui mesure l'activité publique.,2,09:00,2026-08-24T09:00,live_radar_matin,Radar live matin,live_alert,15,Alerte live détectée.,Lien en bio → pass50.store,#pass50 #pass50store #classement #buzz #top50,liveProfiles,rendered,output/day-05/day-05_slot-02_live_radar_matin.mp4,"top3=Emma Lohoues,Lo Père Daloa,Paul Yves Ettien;spotlight=Kévine Obin;gainer=Kévine Obin;liveAM=Eunice Zunon;livePM=INadeBelle"
5,2026-08-24,1,decouverte,C'est quoi PASS50 ? Le classement qui mesure l'activité publique.,3,11:00,2026-08-24T11:00,fi_spotlight,FI du jour,profile_spotlight,20,Une FI monte fort.,Lien en bio → pass50.store,#pass50 #pass50store #classement #buzz #top50,spotlightProfile|scoreDelta,rendered,output/day-05/day-05_slot-03_fi_spotlight.mp4,"top3=Emma Lohoues,Lo Père Daloa,Paul Yves Ettien;spotlight=Kévine Obin;gainer=Kévine Obin;liveAM=Eunice Zunon;livePM=INadeBelle"
5,2026-08-24,1,decouverte,C'est quoi PASS50 ? Le classement qui mesure l'activité publique.,4,13:00,2026-08-24T13:00,classement_24h,Classement 24 h,ranking_table,22,Le Top 10 en un écran.,Lien en bio → pass50.store,#pass50 #pass50store #classement #buzz #top50,top10|period24h,rendered,output/day-05/day-05_slot-04_classement_24h.mp4,"top3=Emma Lohoues,Lo Père Daloa,Paul Yves Ettien;spotlight=Kévine Obin;gainer=Kévine Obin;liveAM=Eunice Zunon;livePM=INadeBelle"
5,2026-08-24,1,decouverte,C'est quoi PASS50 ? Le classement qui mesure l'activité publique.,5,15:00,2026-08-24T15:00,sondage,Sondage / débat,poll,16,"Commente 1, 2 ou 3.",Lien en bio → pass50.store,#pass50 #pass50store #classement #buzz #top50,top3,rendered,output/day-05/day-05_slot-05_sondage.mp4,"top3=Emma Lohoues,Lo Père Daloa,Paul Yves Ettien;spotlight=Kévine Obin;gainer=Kévine Obin;liveAM=Eunice Zunon;livePM=INadeBelle"
5,2026-08-24,1,decouverte,C'est quoi PASS50 ? Le classement qui mesure l'activité publique.,6,17:00,2026-08-24T17:00,buzz_montee,Buzz / montée,momentum,18,Ce profil explose le classement.,Lien en bio → pass50.store,#pass50 #pass50store #classement #buzz #top50,biggestGainer|scoreDelta,rendered,output/day-05/day-05_slot-06_buzz_montee.mp4,"top3=Emma Lohoues,Lo Père Daloa,Paul Yves Ettien;spotlight=Kévine Obin;gainer=Kévine Obin;liveAM=Eunice Zunon;livePM=INadeBelle"
5,2026-08-24,1,decouverte,C'est quoi PASS50 ? Le classement qui mesure l'activité publique.,7,19:00,2026-08-24T19:00,live_radar_soir,Radar live soir,live_alert,15,"Le soir, ça chauffe sur PASS50.",Lien en bio → pass50.store,#pass50 #pass50store #classement #buzz #top50,liveProfiles,rendered,output/day-05/day-05_slot-07_live_radar_soir.mp4,"top3=Emma Lohoues,Lo Père Daloa,Paul Yves Ettien;spotlight=Kévine Obin;gainer=Kévine Obin;liveAM=Eunice Zunon;livePM=INadeBelle"
5,2026-08-24,1,decouverte,C'est quoi PASS50 ? Le classement qui mesure l'activité publique.,8,21:00,2026-08-24T21:00,top3_soir,Top 3 du soir,top3,18,Classement du soir.,Lien en bio → pass50.store,#pass50 #pass50store #classement #buzz #top50,top3|period24h,rendered,output/day-05/day-05_slot-08_top3_soir.mp4,"top3=Emma Lohoues,Lo Père Daloa,Paul Yves Ettien;spotlight=Kévine Obin;gainer=Kévine Obin;liveAM=Eunice Zunon;livePM=INadeBelle"
5,2026-08-24,1,decouverte,C'est quoi PASS50 ? Le classement qui mesure l'activité publique.,9,23:00,2026-08-24T23:00,recap_jour,Récap journée,daily_recap,24,Ce qu'il s'est passé aujourd'hui.,Lien en bio → pass50.store,#pass50 #pass50store #classement #buzz #top50,top3|biggestGainer|liveCount,rendered,output/day-05/day-05_slot-09_recap_jour.mp4,"top3=Emma Lohoues,Lo Père Daloa,Paul Yves Ettien;spotlight=Kévine Obin;gainer=Kévine Obin;liveAM=Eunice Zunon;livePM=INadeBelle"
5,2026-08-24,1,decouverte,C'est quoi PASS50 ? Le classement qui mesure l'activité publique.,10,01:00,2026-08-25T01:00,teaser_lendemain,Teaser lendemain,teaser,14,Rendez-vous dans 6 h.,Lien en bio → pass50.store,#pass50 #pass50store #classement #buzz #top50,,rendered,output/day-05/day-05_slot-10_teaser_lendemain.mp4,"top3=Emma Lohoues,Lo Père Daloa,Paul Yves Ettien;spotlight=Kévine Obin;gainer=Kévine Obin;liveAM=Eunice Zunon;livePM=INadeBelle"
5,2026-08-24,1,decouverte,C'est quoi PASS50 ? Le classement qui mesure l'activité publique.,11,03:00,2026-08-25T03:00,coulisses,Coulisses / éducatif,explainer,20,C'est quoi le radar live ?,Lien en bio → pass50.store,#pass50 #pass50store #classement #buzz #top50,,rendered,output/day-05/day-05_slot-11_coulisses.mp4,"top3=Emma Lohoues,Lo Père Daloa,Paul Yves Ettien;spotlight=Kévine Obin;gainer=Kévine Obin;liveAM=Eunice Zunon;livePM=INadeBelle"
5,2026-08-24,1,decouverte,C'est quoi PASS50 ? Le classement qui mesure l'activité publique.,12,05:00,2026-08-25T05:00,classement_7j,Classement 7 j,ranking_table,20,"Le marathon, pas le sprint.",Lien en bio → pass50.store,#pass50 #pass50store #classement #buzz #top50,top5|period7j,rendered,output/day-05/day-05_slot-12_classement_7j.mp4,"top3=Emma Lohoues,Lo Père Daloa,Paul Yves Ettien;spotlight=Kévine Obin;gainer=Kévine Obin;liveAM=Eunice Zunon;livePM=INadeBelle"
6,2026-08-25,1,decouverte,C'est quoi PASS50 ? Le classement qui mesure l'activité publique.,1,07:00,2026-08-25T07:00,top3_matin,Top 3 du matin,top3,18,Qui domine la période 24 h ?,Lien en bio → pass50.store,#pass50 #pass50store #classement #top50 #digital,top3|period24h,rendered,output/day-06/day-06_slot-01_top3_matin.mp4,"top3=Emma Lohoues,Lo Père Daloa,Paul Yves Ettien;spotlight=Edith Brou Bleu;gainer=Lo Père Daloa;liveAM=Yvidero;livePM=Kévine Obin"
6,2026-08-25,1,decouverte,C'est quoi PASS50 ? Le classement qui mesure l'activité publique.,2,09:00,2026-08-25T09:00,live_radar_matin,Radar live matin,live_alert,15,Le radar vient de s'allumer.,Lien en bio → pass50.store,#pass50 #pass50store #classement #top50 #digital,liveProfiles,rendered,output/day-06/day-06_slot-02_live_radar_matin.mp4,"top3=Emma Lohoues,Lo Père Daloa,Paul Yves Ettien;spotlight=Edith Brou Bleu;gainer=Lo Père Daloa;liveAM=Yvidero;livePM=Kévine Obin"
6,2026-08-25,1,decouverte,C'est quoi PASS50 ? Le classement qui mesure l'activité publique.,3,11:00,2026-08-25T11:00,fi_spotlight,FI du jour,profile_spotlight,20,Tu connais ce profil PASS50 ?,Lien en bio → pass50.store,#pass50 #pass50store #classement #top50 #digital,spotlightProfile|scoreDelta,rendered,output/day-06/day-06_slot-03_fi_spotlight.mp4,"top3=Emma Lohoues,Lo Père Daloa,Paul Yves Ettien;spotlight=Edith Brou Bleu;gainer=Lo Père Daloa;liveAM=Yvidero;livePM=Kévine Obin"
6,2026-08-25,1,decouverte,C'est quoi PASS50 ? Le classement qui mesure l'activité publique.,4,13:00,2026-08-25T13:00,classement_24h,Classement 24 h,ranking_table,22,Les chiffres ne mentent pas… enfin presque.,Lien en bio → pass50.store,#pass50 #pass50store #classement #top50 #digital,top10|period24h,rendered,output/day-06/day-06_slot-04_classement_24h.mp4,"top3=Emma Lohoues,Lo Père Daloa,Paul Yves Ettien;spotlight=Edith Brou Bleu;gainer=Lo Père Daloa;liveAM=Yvidero;livePM=Kévine Obin"
6,2026-08-25,1,decouverte,C'est quoi PASS50 ? Le classement qui mesure l'activité publique.,5,15:00,2026-08-25T15:00,sondage,Sondage / débat,poll,16,Débat : ce Top 3 est mérité ?,Lien en bio → pass50.store,#pass50 #pass50store #classement #top50 #digital,top3,rendered,output/day-06/day-06_slot-05_sondage.mp4,"top3=Emma Lohoues,Lo Père Daloa,Paul Yves Ettien;spotlight=Edith Brou Bleu;gainer=Lo Père Daloa;liveAM=Yvidero;livePM=Kévine Obin"
6,2026-08-25,1,decouverte,C'est quoi PASS50 ? Le classement qui mesure l'activité publique.,6,17:00,2026-08-25T17:00,buzz_montee,Buzz / montée,momentum,18,Buzz PASS50 : regarde cette progression.,Lien en bio → pass50.store,#pass50 #pass50store #classement #top50 #digital,biggestGainer|scoreDelta,rendered,output/day-06/day-06_slot-06_buzz_montee.mp4,"top3=Emma Lohoues,Lo Père Daloa,Paul Yves Ettien;spotlight=Edith Brou Bleu;gainer=Lo Père Daloa;liveAM=Yvidero;livePM=Kévine Obin"
6,2026-08-25,1,decouverte,C'est quoi PASS50 ? Le classement qui mesure l'activité publique.,7,19:00,2026-08-25T19:00,live_radar_soir,Radar live soir,live_alert,15,Qui est en direct maintenant ?,Lien en bio → pass50.store,#pass50 #pass50store #classement #top50 #digital,liveProfiles,rendered,output/day-06/day-06_slot-07_live_radar_soir.mp4,"top3=Emma Lohoues,Lo Père Daloa,Paul Yves Ettien;spotlight=Edith Brou Bleu;gainer=Lo Père Daloa;liveAM=Yvidero;livePM=Kévine Obin"
6,2026-08-25,1,decouverte,C'est quoi PASS50 ? Le classement qui mesure l'activité publique.,8,21:00,2026-08-25T21:00,top3_soir,Top 3 du soir,top3,18,La course continue.,Lien en bio → pass50.store,#pass50 #pass50store #classement #top50 #digital,top3|period24h,rendered,output/day-06/day-06_slot-08_top3_soir.mp4,"top3=Emma Lohoues,Lo Père Daloa,Paul Yves Ettien;spotlight=Edith Brou Bleu;gainer=Lo Père Daloa;liveAM=Yvidero;livePM=Kévine Obin"
6,2026-08-25,1,decouverte,C'est quoi PASS50 ? Le classement qui mesure l'activité publique.,9,23:00,2026-08-25T23:00,recap_jour,Récap journée,daily_recap,24,Bilan en 20 secondes.,Lien en bio → pass50.store,#pass50 #pass50store #classement #top50 #digital,top3|biggestGainer|liveCount,rendered,output/day-06/day-06_slot-09_recap_jour.mp4,"top3=Emma Lohoues,Lo Père Daloa,Paul Yves Ettien;spotlight=Edith Brou Bleu;gainer=Lo Père Daloa;liveAM=Yvidero;livePM=Kévine Obin"
6,2026-08-25,1,decouverte,C'est quoi PASS50 ? Le classement qui mesure l'activité publique.,10,01:00,2026-08-26T01:00,teaser_lendemain,Teaser lendemain,teaser,14,Le classement ne dort jamais.,Lien en bio → pass50.store,#pass50 #pass50store #classement #top50 #digital,,rendered,output/day-06/day-06_slot-10_teaser_lendemain.mp4,"top3=Emma Lohoues,Lo Père Daloa,Paul Yves Ettien;spotlight=Edith Brou Bleu;gainer=Lo Père Daloa;liveAM=Yvidero;livePM=Kévine Obin"
6,2026-08-25,1,decouverte,C'est quoi PASS50 ? Le classement qui mesure l'activité publique.,11,03:00,2026-08-26T03:00,coulisses,Coulisses / éducatif,explainer,20,Pourquoi le classement bouge.,Lien en bio → pass50.store,#pass50 #pass50store #classement #top50 #digital,,rendered,output/day-06/day-06_slot-11_coulisses.mp4,"top3=Emma Lohoues,Lo Père Daloa,Paul Yves Ettien;spotlight=Edith Brou Bleu;gainer=Lo Père Daloa;liveAM=Yvidero;livePM=Kévine Obin"
6,2026-08-25,1,decouverte,C'est quoi PASS50 ? Le classement qui mesure l'activité publique.,12,05:00,2026-08-26T05:00,classement_7j,Classement 7 j,ranking_table,20,Top 5 sur la semaine.,Lien en bio → pass50.store,#pass50 #pass50store #classement #top50 #digital,top5|period7j,rendered,output/day-06/day-06_slot-12_classement_7j.mp4,"top3=Emma Lohoues,Lo Père Daloa,Paul Yves Ettien;spotlight=Edith Brou Bleu;gainer=Lo Père Daloa;liveAM=Yvidero;livePM=Kévine Obin"
7,2026-08-26,1,decouverte,C'est quoi PASS50 ? Le classement qui mesure l'activité publique.,1,07:00,2026-08-26T07:00,top3_matin,Top 3 du matin,top3,18,Le classement vient de bouger.,Lien en bio → pass50.store,#pass50 #pass50store #classement #digital #influenceur,top3|period24h,rendered,output/day-07/day-07_slot-01_top3_matin.mp4,"top3=Emma Lohoues,Lo Père Daloa,Paul Yves Ettien;spotlight=Eunice Zunon;gainer=Emma Lohoues;liveAM=Braising Girl;livePM=Edith Brou Bleu"
7,2026-08-26,1,decouverte,C'est quoi PASS50 ? Le classement qui mesure l'activité publique.,2,09:00,2026-08-26T09:00,live_radar_matin,Radar live matin,live_alert,15,Quelqu'un est en live — radar PASS50.,Lien en bio → pass50.store,#pass50 #pass50store #classement #digital #influenceur,liveProfiles,rendered,output/day-07/day-07_slot-02_live_radar_matin.mp4,"top3=Emma Lohoues,Lo Père Daloa,Paul Yves Ettien;spotlight=Eunice Zunon;gainer=Emma Lohoues;liveAM=Braising Girl;livePM=Edith Brou Bleu"
7,2026-08-26,1,decouverte,C'est quoi PASS50 ? Le classement qui mesure l'activité publique.,3,11:00,2026-08-26T11:00,fi_spotlight,FI du jour,profile_spotlight,20,Profil à suivre aujourd'hui.,Lien en bio → pass50.store,#pass50 #pass50store #classement #digital #influenceur,spotlightProfile|scoreDelta,rendered,output/day-07/day-07_slot-03_fi_spotlight.mp4,"top3=Emma Lohoues,Lo Père Daloa,Paul Yves Ettien;spotlight=Eunice Zunon;gainer=Emma Lohoues;liveAM=Braising Girl;livePM=Edith Brou Bleu"
7,2026-08-26,1,decouverte,C'est quoi PASS50 ? Le classement qui mesure l'activité publique.,4,13:00,2026-08-26T13:00,classement_24h,Classement 24 h,ranking_table,22,Classement PASS50 — période 24 h.,Lien en bio → pass50.store,#pass50 #pass50store #classement #digital #influenceur,top10|period24h,rendered,output/day-07/day-07_slot-04_classement_24h.mp4,"top3=Emma Lohoues,Lo Père Daloa,Paul Yves Ettien;spotlight=Eunice Zunon;gainer=Emma Lohoues;liveAM=Braising Girl;livePM=Edith Brou Bleu"
7,2026-08-26,1,decouverte,C'est quoi PASS50 ? Le classement qui mesure l'activité publique.,5,15:00,2026-08-26T15:00,sondage,Sondage / débat,poll,16,Tu mises sur qui pour ce soir ?,Lien en bio → pass50.store,#pass50 #pass50store #classement #digital #influenceur,top3,rendered,output/day-07/day-07_slot-05_sondage.mp4,"top3=Emma Lohoues,Lo Père Daloa,Paul Yves Ettien;spotlight=Eunice Zunon;gainer=Emma Lohoues;liveAM=Braising Girl;livePM=Edith Brou Bleu"
7,2026-08-26,1,decouverte,C'est quoi PASS50 ? Le classement qui mesure l'activité publique.,6,17:00,2026-08-26T17:00,buzz_montee,Buzz / montée,momentum,18,Plus grosse montée du moment.,Lien en bio → pass50.store,#pass50 #pass50store #classement #digital #influenceur,biggestGainer|scoreDelta,rendered,output/day-07/day-07_slot-06_buzz_montee.mp4,"top3=Emma Lohoues,Lo Père Daloa,Paul Yves Ettien;spotlight=Eunice Zunon;gainer=Emma Lohoues;liveAM=Braising Girl;livePM=Edith Brou Bleu"
7,2026-08-26,1,decouverte,C'est quoi PASS50 ? Le classement qui mesure l'activité publique.,7,19:00,2026-08-26T19:00,live_radar_soir,Radar live soir,live_alert,15,Live du soir sur le radar.,Lien en bio → pass50.store,#pass50 #pass50store #classement #digital #influenceur,liveProfiles,rendered,output/day-07/day-07_slot-07_live_radar_soir.mp4,"top3=Emma Lohoues,Lo Père Daloa,Paul Yves Ettien;spotlight=Eunice Zunon;gainer=Emma Lohoues;liveAM=Braising Girl;livePM=Edith Brou Bleu"
7,2026-08-26,1,decouverte,C'est quoi PASS50 ? Le classement qui mesure l'activité publique.,8,21:00,2026-08-26T21:00,top3_soir,Top 3 du soir,top3,18,Top 3 avant minuit.,Lien en bio → pass50.store,#pass50 #pass50store #classement #digital #influenceur,top3|period24h,rendered,output/day-07/day-07_slot-08_top3_soir.mp4,"top3=Emma Lohoues,Lo Père Daloa,Paul Yves Ettien;spotlight=Eunice Zunon;gainer=Emma Lohoues;liveAM=Braising Girl;livePM=Edith Brou Bleu"
7,2026-08-26,1,decouverte,C'est quoi PASS50 ? Le classement qui mesure l'activité publique.,9,23:00,2026-08-26T23:00,recap_jour,Récap journée,daily_recap,24,Récap PASS50 de la journée.,Lien en bio → pass50.store,#pass50 #pass50store #classement #digital #influenceur,top3|biggestGainer|liveCount,rendered,output/day-07/day-07_slot-09_recap_jour.mp4,"top3=Emma Lohoues,Lo Père Daloa,Paul Yves Ettien;spotlight=Eunice Zunon;gainer=Emma Lohoues;liveAM=Braising Girl;livePM=Edith Brou Bleu"
7,2026-08-26,1,decouverte,C'est quoi PASS50 ? Le classement qui mesure l'activité publique.,10,01:00,2026-08-27T01:00,teaser_lendemain,Teaser lendemain,teaser,14,Demain matin : nouveau Top 3.,Lien en bio → pass50.store,#pass50 #pass50store #classement #digital #influenceur,,rendered,output/day-07/day-07_slot-10_teaser_lendemain.mp4,"top3=Emma Lohoues,Lo Père Daloa,Paul Yves Ettien;spotlight=Eunice Zunon;gainer=Emma Lohoues;liveAM=Braising Girl;livePM=Edith Brou Bleu"
7,2026-08-26,1,decouverte,C'est quoi PASS50 ? Le classement qui mesure l'activité publique.,11,03:00,2026-08-27T03:00,coulisses,Coulisses / éducatif,explainer,20,Comment PASS50 calcule un score ?,Lien en bio → pass50.store,#pass50 #pass50store #classement #digital #influenceur,,rendered,output/day-07/day-07_slot-11_coulisses.mp4,"top3=Emma Lohoues,Lo Père Daloa,Paul Yves Ettien;spotlight=Eunice Zunon;gainer=Emma Lohoues;liveAM=Braising Girl;livePM=Edith Brou Bleu"
7,2026-08-26,1,decouverte,C'est quoi PASS50 ? Le classement qui mesure l'activité publique.,12,05:00,2026-08-27T05:00,classement_7j,Classement 7 j,ranking_table,20,Vue 7 jours — qui tient la route ?,Lien en bio → pass50.store,#pass50 #pass50store #classement #digital #influenceur,top5|period7j,rendered,output/day-07/day-07_slot-12_classement_7j.mp4,"top3=Emma Lohoues,Lo Père Daloa,Paul Yves Ettien;spotlight=Eunice Zunon;gainer=Emma Lohoues;liveAM=Braising Girl;livePM=Edith Brou Bleu"
8,2026-08-27,2,lives_montees,Lives + profils qui montent — suis le radar.,1,07:00,2026-08-27T07:00,top3_matin,Top 3 du matin,top3,18,Top 3 PASS50 ce matin.,Lien en bio → pass50.store,#pass50 #pass50store #classement #influenceur #influenceurs,top3|period24h,draft,,
8,2026-08-27,2,lives_montees,Lives + profils qui montent — suis le radar.,2,09:00,2026-08-27T09:00,live_radar_matin,Radar live matin,live_alert,15,Alerte live détectée.,Lien en bio → pass50.store,#pass50 #pass50store #classement #influenceur #influenceurs,liveProfiles,draft,,
8,2026-08-27,2,lives_montees,Lives + profils qui montent — suis le radar.,3,11:00,2026-08-27T11:00,fi_spotlight,FI du jour,profile_spotlight,20,Une FI monte fort.,Lien en bio → pass50.store,#pass50 #pass50store #classement #influenceur #influenceurs,spotlightProfile|scoreDelta,draft,,
8,2026-08-27,2,lives_montees,Lives + profils qui montent — suis le radar.,4,13:00,2026-08-27T13:00,classement_24h,Classement 24 h,ranking_table,22,Le Top 10 en un écran.,Lien en bio → pass50.store,#pass50 #pass50store #classement #influenceur #influenceurs,top10|period24h,draft,,
8,2026-08-27,2,lives_montees,Lives + profils qui montent — suis le radar.,5,15:00,2026-08-27T15:00,sondage,Sondage / débat,poll,16,"Commente 1, 2 ou 3.",Lien en bio → pass50.store,#pass50 #pass50store #classement #influenceur #influenceurs,top3,draft,,
8,2026-08-27,2,lives_montees,Lives + profils qui montent — suis le radar.,6,17:00,2026-08-27T17:00,buzz_montee,Buzz / montée,momentum,18,Ce profil explose le classement.,Lien en bio → pass50.store,#pass50 #pass50store #classement #influenceur #influenceurs,biggestGainer|scoreDelta,draft,,
8,2026-08-27,2,lives_montees,Lives + profils qui montent — suis le radar.,7,19:00,2026-08-27T19:00,live_radar_soir,Radar live soir,live_alert,15,"Le soir, ça chauffe sur PASS50.",Lien en bio → pass50.store,#pass50 #pass50store #classement #influenceur #influenceurs,liveProfiles,draft,,
8,2026-08-27,2,lives_montees,Lives + profils qui montent — suis le radar.,8,21:00,2026-08-27T21:00,top3_soir,Top 3 du soir,top3,18,Classement du soir.,Lien en bio → pass50.store,#pass50 #pass50store #classement #influenceur #influenceurs,top3|period24h,draft,,
8,2026-08-27,2,lives_montees,Lives + profils qui montent — suis le radar.,9,23:00,2026-08-27T23:00,recap_jour,Récap journée,daily_recap,24,Ce qu'il s'est passé aujourd'hui.,Lien en bio → pass50.store,#pass50 #pass50store #classement #influenceur #influenceurs,top3|biggestGainer|liveCount,draft,,
8,2026-08-27,2,lives_montees,Lives + profils qui montent — suis le radar.,10,01:00,2026-08-28T01:00,teaser_lendemain,Teaser lendemain,teaser,14,Rendez-vous dans 6 h.,Lien en bio → pass50.store,#pass50 #pass50store #classement #influenceur #influenceurs,,draft,,
8,2026-08-27,2,lives_montees,Lives + profils qui montent — suis le radar.,11,03:00,2026-08-28T03:00,coulisses,Coulisses / éducatif,explainer,20,C'est quoi le radar live ?,Lien en bio → pass50.store,#pass50 #pass50store #classement #influenceur #influenceurs,,draft,,
8,2026-08-27,2,lives_montees,Lives + profils qui montent — suis le radar.,12,05:00,2026-08-28T05:00,classement_7j,Classement 7 j,ranking_table,20,"Le marathon, pas le sprint.",Lien en bio → pass50.store,#pass50 #pass50store #classement #influenceur #influenceurs,top5|period7j,draft,,
9,2026-08-28,2,lives_montees,Lives + profils qui montent — suis le radar.,1,07:00,2026-08-28T07:00,top3_matin,Top 3 du matin,top3,18,Qui domine la période 24 h ?,Lien en bio → pass50.store,#pass50 #pass50store #classement #influenceurs #tiktokci,top3|period24h,draft,,
9,2026-08-28,2,lives_montees,Lives + profils qui montent — suis le radar.,2,09:00,2026-08-28T09:00,live_radar_matin,Radar live matin,live_alert,15,Le radar vient de s'allumer.,Lien en bio → pass50.store,#pass50 #pass50store #classement #influenceurs #tiktokci,liveProfiles,draft,,
9,2026-08-28,2,lives_montees,Lives + profils qui montent — suis le radar.,3,11:00,2026-08-28T11:00,fi_spotlight,FI du jour,profile_spotlight,20,Tu connais ce profil PASS50 ?,Lien en bio → pass50.store,#pass50 #pass50store #classement #influenceurs #tiktokci,spotlightProfile|scoreDelta,draft,,
9,2026-08-28,2,lives_montees,Lives + profils qui montent — suis le radar.,4,13:00,2026-08-28T13:00,classement_24h,Classement 24 h,ranking_table,22,Les chiffres ne mentent pas… enfin presque.,Lien en bio → pass50.store,#pass50 #pass50store #classement #influenceurs #tiktokci,top10|period24h,draft,,
9,2026-08-28,2,lives_montees,Lives + profils qui montent — suis le radar.,5,15:00,2026-08-28T15:00,sondage,Sondage / débat,poll,16,Débat : ce Top 3 est mérité ?,Lien en bio → pass50.store,#pass50 #pass50store #classement #influenceurs #tiktokci,top3,draft,,
9,2026-08-28,2,lives_montees,Lives + profils qui montent — suis le radar.,6,17:00,2026-08-28T17:00,buzz_montee,Buzz / montée,momentum,18,Buzz PASS50 : regarde cette progression.,Lien en bio → pass50.store,#pass50 #pass50store #classement #influenceurs #tiktokci,biggestGainer|scoreDelta,draft,,
9,2026-08-28,2,lives_montees,Lives + profils qui montent — suis le radar.,7,19:00,2026-08-28T19:00,live_radar_soir,Radar live soir,live_alert,15,Qui est en direct maintenant ?,Lien en bio → pass50.store,#pass50 #pass50store #classement #influenceurs #tiktokci,liveProfiles,draft,,
9,2026-08-28,2,lives_montees,Lives + profils qui montent — suis le radar.,8,21:00,2026-08-28T21:00,top3_soir,Top 3 du soir,top3,18,La course continue.,Lien en bio → pass50.store,#pass50 #pass50store #classement #influenceurs #tiktokci,top3|period24h,draft,,
9,2026-08-28,2,lives_montees,Lives + profils qui montent — suis le radar.,9,23:00,2026-08-28T23:00,recap_jour,Récap journée,daily_recap,24,Bilan en 20 secondes.,Lien en bio → pass50.store,#pass50 #pass50store #classement #influenceurs #tiktokci,top3|biggestGainer|liveCount,draft,,
9,2026-08-28,2,lives_montees,Lives + profils qui montent — suis le radar.,10,01:00,2026-08-29T01:00,teaser_lendemain,Teaser lendemain,teaser,14,Le classement ne dort jamais.,Lien en bio → pass50.store,#pass50 #pass50store #classement #influenceurs #tiktokci,,draft,,
9,2026-08-28,2,lives_montees,Lives + profils qui montent — suis le radar.,11,03:00,2026-08-29T03:00,coulisses,Coulisses / éducatif,explainer,20,Pourquoi le classement bouge.,Lien en bio → pass50.store,#pass50 #pass50store #classement #influenceurs #tiktokci,,draft,,
9,2026-08-28,2,lives_montees,Lives + profils qui montent — suis le radar.,12,05:00,2026-08-29T05:00,classement_7j,Classement 7 j,ranking_table,20,Top 5 sur la semaine.,Lien en bio → pass50.store,#pass50 #pass50store #classement #influenceurs #tiktokci,top5|period7j,draft,,
10,2026-08-29,2,lives_montees,Lives + profils qui montent — suis le radar.,1,07:00,2026-08-29T07:00,top3_matin,Top 3 du matin,top3,18,Le classement vient de bouger.,Lien en bio → pass50.store,#pass50 #pass50store #classement #tiktokci #abidjan,top3|period24h,draft,,
10,2026-08-29,2,lives_montees,Lives + profils qui montent — suis le radar.,2,09:00,2026-08-29T09:00,live_radar_matin,Radar live matin,live_alert,15,Quelqu'un est en live — radar PASS50.,Lien en bio → pass50.store,#pass50 #pass50store #classement #tiktokci #abidjan,liveProfiles,draft,,
10,2026-08-29,2,lives_montees,Lives + profils qui montent — suis le radar.,3,11:00,2026-08-29T11:00,fi_spotlight,FI du jour,profile_spotlight,20,Profil à suivre aujourd'hui.,Lien en bio → pass50.store,#pass50 #pass50store #classement #tiktokci #abidjan,spotlightProfile|scoreDelta,draft,,
10,2026-08-29,2,lives_montees,Lives + profils qui montent — suis le radar.,4,13:00,2026-08-29T13:00,classement_24h,Classement 24 h,ranking_table,22,Classement PASS50 — période 24 h.,Lien en bio → pass50.store,#pass50 #pass50store #classement #tiktokci #abidjan,top10|period24h,draft,,
10,2026-08-29,2,lives_montees,Lives + profils qui montent — suis le radar.,5,15:00,2026-08-29T15:00,sondage,Sondage / débat,poll,16,Tu mises sur qui pour ce soir ?,Lien en bio → pass50.store,#pass50 #pass50store #classement #tiktokci #abidjan,top3,draft,,
10,2026-08-29,2,lives_montees,Lives + profils qui montent — suis le radar.,6,17:00,2026-08-29T17:00,buzz_montee,Buzz / montée,momentum,18,Plus grosse montée du moment.,Lien en bio → pass50.store,#pass50 #pass50store #classement #tiktokci #abidjan,biggestGainer|scoreDelta,draft,,
10,2026-08-29,2,lives_montees,Lives + profils qui montent — suis le radar.,7,19:00,2026-08-29T19:00,live_radar_soir,Radar live soir,live_alert,15,Live du soir sur le radar.,Lien en bio → pass50.store,#pass50 #pass50store #classement #tiktokci #abidjan,liveProfiles,draft,,
10,2026-08-29,2,lives_montees,Lives + profils qui montent — suis le radar.,8,21:00,2026-08-29T21:00,top3_soir,Top 3 du soir,top3,18,Top 3 avant minuit.,Lien en bio → pass50.store,#pass50 #pass50store #classement #tiktokci #abidjan,top3|period24h,draft,,
10,2026-08-29,2,lives_montees,Lives + profils qui montent — suis le radar.,9,23:00,2026-08-29T23:00,recap_jour,Récap journée,daily_recap,24,Récap PASS50 de la journée.,Lien en bio → pass50.store,#pass50 #pass50store #classement #tiktokci #abidjan,top3|biggestGainer|liveCount,draft,,
10,2026-08-29,2,lives_montees,Lives + profils qui montent — suis le radar.,10,01:00,2026-08-30T01:00,teaser_lendemain,Teaser lendemain,teaser,14,Demain matin : nouveau Top 3.,Lien en bio → pass50.store,#pass50 #pass50store #classement #tiktokci #abidjan,,draft,,
10,2026-08-29,2,lives_montees,Lives + profils qui montent — suis le radar.,11,03:00,2026-08-30T03:00,coulisses,Coulisses / éducatif,explainer,20,Comment PASS50 calcule un score ?,Lien en bio → pass50.store,#pass50 #pass50store #classement #tiktokci #abidjan,,draft,,
10,2026-08-29,2,lives_montees,Lives + profils qui montent — suis le radar.,12,05:00,2026-08-30T05:00,classement_7j,Classement 7 j,ranking_table,20,Vue 7 jours — qui tient la route ?,Lien en bio → pass50.store,#pass50 #pass50store #classement #tiktokci #abidjan,top5|period7j,draft,,
11,2026-08-30,2,lives_montees,Lives + profils qui montent — suis le radar.,1,07:00,2026-08-30T07:00,top3_matin,Top 3 du matin,top3,18,Top 3 PASS50 ce matin.,Lien en bio → pass50.store,#pass50 #pass50store #classement #abidjan #live,top3|period24h,draft,,
11,2026-08-30,2,lives_montees,Lives + profils qui montent — suis le radar.,2,09:00,2026-08-30T09:00,live_radar_matin,Radar live matin,live_alert,15,Alerte live détectée.,Lien en bio → pass50.store,#pass50 #pass50store #classement #abidjan #live,liveProfiles,draft,,
11,2026-08-30,2,lives_montees,Lives + profils qui montent — suis le radar.,3,11:00,2026-08-30T11:00,fi_spotlight,FI du jour,profile_spotlight,20,Une FI monte fort.,Lien en bio → pass50.store,#pass50 #pass50store #classement #abidjan #live,spotlightProfile|scoreDelta,draft,,
11,2026-08-30,2,lives_montees,Lives + profils qui montent — suis le radar.,4,13:00,2026-08-30T13:00,classement_24h,Classement 24 h,ranking_table,22,Le Top 10 en un écran.,Lien en bio → pass50.store,#pass50 #pass50store #classement #abidjan #live,top10|period24h,draft,,
11,2026-08-30,2,lives_montees,Lives + profils qui montent — suis le radar.,5,15:00,2026-08-30T15:00,sondage,Sondage / débat,poll,16,"Commente 1, 2 ou 3.",Lien en bio → pass50.store,#pass50 #pass50store #classement #abidjan #live,top3,draft,,
11,2026-08-30,2,lives_montees,Lives + profils qui montent — suis le radar.,6,17:00,2026-08-30T17:00,buzz_montee,Buzz / montée,momentum,18,Ce profil explose le classement.,Lien en bio → pass50.store,#pass50 #pass50store #classement #abidjan #live,biggestGainer|scoreDelta,draft,,
11,2026-08-30,2,lives_montees,Lives + profils qui montent — suis le radar.,7,19:00,2026-08-30T19:00,live_radar_soir,Radar live soir,live_alert,15,"Le soir, ça chauffe sur PASS50.",Lien en bio → pass50.store,#pass50 #pass50store #classement #abidjan #live,liveProfiles,draft,,
11,2026-08-30,2,lives_montees,Lives + profils qui montent — suis le radar.,8,21:00,2026-08-30T21:00,top3_soir,Top 3 du soir,top3,18,Classement du soir.,Lien en bio → pass50.store,#pass50 #pass50store #classement #abidjan #live,top3|period24h,draft,,
11,2026-08-30,2,lives_montees,Lives + profils qui montent — suis le radar.,9,23:00,2026-08-30T23:00,recap_jour,Récap journée,daily_recap,24,Ce qu'il s'est passé aujourd'hui.,Lien en bio → pass50.store,#pass50 #pass50store #classement #abidjan #live,top3|biggestGainer|liveCount,draft,,
11,2026-08-30,2,lives_montees,Lives + profils qui montent — suis le radar.,10,01:00,2026-08-31T01:00,teaser_lendemain,Teaser lendemain,teaser,14,Rendez-vous dans 6 h.,Lien en bio → pass50.store,#pass50 #pass50store #classement #abidjan #live,,draft,,
11,2026-08-30,2,lives_montees,Lives + profils qui montent — suis le radar.,11,03:00,2026-08-31T03:00,coulisses,Coulisses / éducatif,explainer,20,C'est quoi le radar live ?,Lien en bio → pass50.store,#pass50 #pass50store #classement #abidjan #live,,draft,,
11,2026-08-30,2,lives_montees,Lives + profils qui montent — suis le radar.,12,05:00,2026-08-31T05:00,classement_7j,Classement 7 j,ranking_table,20,"Le marathon, pas le sprint.",Lien en bio → pass50.store,#pass50 #pass50store #classement #abidjan #live,top5|period7j,draft,,
12,2026-08-31,2,lives_montees,Lives + profils qui montent — suis le radar.,1,07:00,2026-08-31T07:00,top3_matin,Top 3 du matin,top3,18,Qui domine la période 24 h ?,Lien en bio → pass50.store,#pass50 #pass50store #classement #live #buzz,top3|period24h,draft,,
12,2026-08-31,2,lives_montees,Lives + profils qui montent — suis le radar.,2,09:00,2026-08-31T09:00,live_radar_matin,Radar live matin,live_alert,15,Le radar vient de s'allumer.,Lien en bio → pass50.store,#pass50 #pass50store #classement #live #buzz,liveProfiles,draft,,
12,2026-08-31,2,lives_montees,Lives + profils qui montent — suis le radar.,3,11:00,2026-08-31T11:00,fi_spotlight,FI du jour,profile_spotlight,20,Tu connais ce profil PASS50 ?,Lien en bio → pass50.store,#pass50 #pass50store #classement #live #buzz,spotlightProfile|scoreDelta,draft,,
12,2026-08-31,2,lives_montees,Lives + profils qui montent — suis le radar.,4,13:00,2026-08-31T13:00,classement_24h,Classement 24 h,ranking_table,22,Les chiffres ne mentent pas… enfin presque.,Lien en bio → pass50.store,#pass50 #pass50store #classement #live #buzz,top10|period24h,draft,,
12,2026-08-31,2,lives_montees,Lives + profils qui montent — suis le radar.,5,15:00,2026-08-31T15:00,sondage,Sondage / débat,poll,16,Débat : ce Top 3 est mérité ?,Lien en bio → pass50.store,#pass50 #pass50store #classement #live #buzz,top3,draft,,
12,2026-08-31,2,lives_montees,Lives + profils qui montent — suis le radar.,6,17:00,2026-08-31T17:00,buzz_montee,Buzz / montée,momentum,18,Buzz PASS50 : regarde cette progression.,Lien en bio → pass50.store,#pass50 #pass50store #classement #live #buzz,biggestGainer|scoreDelta,draft,,
12,2026-08-31,2,lives_montees,Lives + profils qui montent — suis le radar.,7,19:00,2026-08-31T19:00,live_radar_soir,Radar live soir,live_alert,15,Qui est en direct maintenant ?,Lien en bio → pass50.store,#pass50 #pass50store #classement #live #buzz,liveProfiles,draft,,
12,2026-08-31,2,lives_montees,Lives + profils qui montent — suis le radar.,8,21:00,2026-08-31T21:00,top3_soir,Top 3 du soir,top3,18,La course continue.,Lien en bio → pass50.store,#pass50 #pass50store #classement #live #buzz,top3|period24h,draft,,
12,2026-08-31,2,lives_montees,Lives + profils qui montent — suis le radar.,9,23:00,2026-08-31T23:00,recap_jour,Récap journée,daily_recap,24,Bilan en 20 secondes.,Lien en bio → pass50.store,#pass50 #pass50store #classement #live #buzz,top3|biggestGainer|liveCount,draft,,
12,2026-08-31,2,lives_montees,Lives + profils qui montent — suis le radar.,10,01:00,2026-09-01T01:00,teaser_lendemain,Teaser lendemain,teaser,14,Le classement ne dort jamais.,Lien en bio → pass50.store,#pass50 #pass50store #classement #live #buzz,,draft,,
12,2026-08-31,2,lives_montees,Lives + profils qui montent — suis le radar.,11,03:00,2026-09-01T03:00,coulisses,Coulisses / éducatif,explainer,20,Pourquoi le classement bouge.,Lien en bio → pass50.store,#pass50 #pass50store #classement #live #buzz,,draft,,
12,2026-08-31,2,lives_montees,Lives + profils qui montent — suis le radar.,12,05:00,2026-09-01T05:00,classement_7j,Classement 7 j,ranking_table,20,Top 5 sur la semaine.,Lien en bio → pass50.store,#pass50 #pass50store #classement #live #buzz,top5|period7j,draft,,
13,2026-09-01,2,lives_montees,Lives + profils qui montent — suis le radar.,1,07:00,2026-09-01T07:00,top3_matin,Top 3 du matin,top3,18,Le classement vient de bouger.,Lien en bio → pass50.store,#pass50 #pass50store #classement #buzz #top50,top3|period24h,draft,,
13,2026-09-01,2,lives_montees,Lives + profils qui montent — suis le radar.,2,09:00,2026-09-01T09:00,live_radar_matin,Radar live matin,live_alert,15,Quelqu'un est en live — radar PASS50.,Lien en bio → pass50.store,#pass50 #pass50store #classement #buzz #top50,liveProfiles,draft,,
13,2026-09-01,2,lives_montees,Lives + profils qui montent — suis le radar.,3,11:00,2026-09-01T11:00,fi_spotlight,FI du jour,profile_spotlight,20,Profil à suivre aujourd'hui.,Lien en bio → pass50.store,#pass50 #pass50store #classement #buzz #top50,spotlightProfile|scoreDelta,draft,,
13,2026-09-01,2,lives_montees,Lives + profils qui montent — suis le radar.,4,13:00,2026-09-01T13:00,classement_24h,Classement 24 h,ranking_table,22,Classement PASS50 — période 24 h.,Lien en bio → pass50.store,#pass50 #pass50store #classement #buzz #top50,top10|period24h,draft,,
13,2026-09-01,2,lives_montees,Lives + profils qui montent — suis le radar.,5,15:00,2026-09-01T15:00,sondage,Sondage / débat,poll,16,Tu mises sur qui pour ce soir ?,Lien en bio → pass50.store,#pass50 #pass50store #classement #buzz #top50,top3,draft,,
13,2026-09-01,2,lives_montees,Lives + profils qui montent — suis le radar.,6,17:00,2026-09-01T17:00,buzz_montee,Buzz / montée,momentum,18,Plus grosse montée du moment.,Lien en bio → pass50.store,#pass50 #pass50store #classement #buzz #top50,biggestGainer|scoreDelta,draft,,
13,2026-09-01,2,lives_montees,Lives + profils qui montent — suis le radar.,7,19:00,2026-09-01T19:00,live_radar_soir,Radar live soir,live_alert,15,Live du soir sur le radar.,Lien en bio → pass50.store,#pass50 #pass50store #classement #buzz #top50,liveProfiles,draft,,
13,2026-09-01,2,lives_montees,Lives + profils qui montent — suis le radar.,8,21:00,2026-09-01T21:00,top3_soir,Top 3 du soir,top3,18,Top 3 avant minuit.,Lien en bio → pass50.store,#pass50 #pass50store #classement #buzz #top50,top3|period24h,draft,,
13,2026-09-01,2,lives_montees,Lives + profils qui montent — suis le radar.,9,23:00,2026-09-01T23:00,recap_jour,Récap journée,daily_recap,24,Récap PASS50 de la journée.,Lien en bio → pass50.store,#pass50 #pass50store #classement #buzz #top50,top3|biggestGainer|liveCount,draft,,
13,2026-09-01,2,lives_montees,Lives + profils qui montent — suis le radar.,10,01:00,2026-09-02T01:00,teaser_lendemain,Teaser lendemain,teaser,14,Demain matin : nouveau Top 3.,Lien en bio → pass50.store,#pass50 #pass50store #classement #buzz #top50,,draft,,
13,2026-09-01,2,lives_montees,Lives + profils qui montent — suis le radar.,11,03:00,2026-09-02T03:00,coulisses,Coulisses / éducatif,explainer,20,Comment PASS50 calcule un score ?,Lien en bio → pass50.store,#pass50 #pass50store #classement #buzz #top50,,draft,,
13,2026-09-01,2,lives_montees,Lives + profils qui montent — suis le radar.,12,05:00,2026-09-02T05:00,classement_7j,Classement 7 j,ranking_table,20,Vue 7 jours — qui tient la route ?,Lien en bio → pass50.store,#pass50 #pass50store #classement #buzz #top50,top5|period7j,draft,,
14,2026-09-02,2,lives_montees,Lives + profils qui montent — suis le radar.,1,07:00,2026-09-02T07:00,top3_matin,Top 3 du matin,top3,18,Top 3 PASS50 ce matin.,Lien en bio → pass50.store,#pass50 #pass50store #classement #top50 #digital,top3|period24h,draft,,
14,2026-09-02,2,lives_montees,Lives + profils qui montent — suis le radar.,2,09:00,2026-09-02T09:00,live_radar_matin,Radar live matin,live_alert,15,Alerte live détectée.,Lien en bio → pass50.store,#pass50 #pass50store #classement #top50 #digital,liveProfiles,draft,,
14,2026-09-02,2,lives_montees,Lives + profils qui montent — suis le radar.,3,11:00,2026-09-02T11:00,fi_spotlight,FI du jour,profile_spotlight,20,Une FI monte fort.,Lien en bio → pass50.store,#pass50 #pass50store #classement #top50 #digital,spotlightProfile|scoreDelta,draft,,
14,2026-09-02,2,lives_montees,Lives + profils qui montent — suis le radar.,4,13:00,2026-09-02T13:00,classement_24h,Classement 24 h,ranking_table,22,Le Top 10 en un écran.,Lien en bio → pass50.store,#pass50 #pass50store #classement #top50 #digital,top10|period24h,draft,,
14,2026-09-02,2,lives_montees,Lives + profils qui montent — suis le radar.,5,15:00,2026-09-02T15:00,sondage,Sondage / débat,poll,16,"Commente 1, 2 ou 3.",Lien en bio → pass50.store,#pass50 #pass50store #classement #top50 #digital,top3,draft,,
14,2026-09-02,2,lives_montees,Lives + profils qui montent — suis le radar.,6,17:00,2026-09-02T17:00,buzz_montee,Buzz / montée,momentum,18,Ce profil explose le classement.,Lien en bio → pass50.store,#pass50 #pass50store #classement #top50 #digital,biggestGainer|scoreDelta,draft,,
14,2026-09-02,2,lives_montees,Lives + profils qui montent — suis le radar.,7,19:00,2026-09-02T19:00,live_radar_soir,Radar live soir,live_alert,15,"Le soir, ça chauffe sur PASS50.",Lien en bio → pass50.store,#pass50 #pass50store #classement #top50 #digital,liveProfiles,draft,,
14,2026-09-02,2,lives_montees,Lives + profils qui montent — suis le radar.,8,21:00,2026-09-02T21:00,top3_soir,Top 3 du soir,top3,18,Classement du soir.,Lien en bio → pass50.store,#pass50 #pass50store #classement #top50 #digital,top3|period24h,draft,,
14,2026-09-02,2,lives_montees,Lives + profils qui montent — suis le radar.,9,23:00,2026-09-02T23:00,recap_jour,Récap journée,daily_recap,24,Ce qu'il s'est passé aujourd'hui.,Lien en bio → pass50.store,#pass50 #pass50store #classement #top50 #digital,top3|biggestGainer|liveCount,draft,,
14,2026-09-02,2,lives_montees,Lives + profils qui montent — suis le radar.,10,01:00,2026-09-03T01:00,teaser_lendemain,Teaser lendemain,teaser,14,Rendez-vous dans 6 h.,Lien en bio → pass50.store,#pass50 #pass50store #classement #top50 #digital,,draft,,
14,2026-09-02,2,lives_montees,Lives + profils qui montent — suis le radar.,11,03:00,2026-09-03T03:00,coulisses,Coulisses / éducatif,explainer,20,C'est quoi le radar live ?,Lien en bio → pass50.store,#pass50 #pass50store #classement #top50 #digital,,draft,,
14,2026-09-02,2,lives_montees,Lives + profils qui montent — suis le radar.,12,05:00,2026-09-03T05:00,classement_7j,Classement 7 j,ranking_table,20,"Le marathon, pas le sprint.",Lien en bio → pass50.store,#pass50 #pass50store #classement #top50 #digital,top5|period7j,draft,,
15,2026-09-03,3,pronostics_debat,Pronostics PASS50 — tu avais vu juste ?,1,07:00,2026-09-03T07:00,top3_matin,Top 3 du matin,top3,18,Qui domine la période 24 h ?,Lien en bio → pass50.store,#pass50 #pass50store #classement #digital #influenceur,top3|period24h,draft,,
15,2026-09-03,3,pronostics_debat,Pronostics PASS50 — tu avais vu juste ?,2,09:00,2026-09-03T09:00,live_radar_matin,Radar live matin,live_alert,15,Le radar vient de s'allumer.,Lien en bio → pass50.store,#pass50 #pass50store #classement #digital #influenceur,liveProfiles,draft,,
15,2026-09-03,3,pronostics_debat,Pronostics PASS50 — tu avais vu juste ?,3,11:00,2026-09-03T11:00,fi_spotlight,FI du jour,profile_spotlight,20,Tu connais ce profil PASS50 ?,Lien en bio → pass50.store,#pass50 #pass50store #classement #digital #influenceur,spotlightProfile|scoreDelta,draft,,
15,2026-09-03,3,pronostics_debat,Pronostics PASS50 — tu avais vu juste ?,4,13:00,2026-09-03T13:00,classement_24h,Classement 24 h,ranking_table,22,Les chiffres ne mentent pas… enfin presque.,Lien en bio → pass50.store,#pass50 #pass50store #classement #digital #influenceur,top10|period24h,draft,,
15,2026-09-03,3,pronostics_debat,Pronostics PASS50 — tu avais vu juste ?,5,15:00,2026-09-03T15:00,sondage,Sondage / débat,poll,16,Débat : ce Top 3 est mérité ?,Lien en bio → pass50.store,#pass50 #pass50store #classement #digital #influenceur,top3,draft,,
15,2026-09-03,3,pronostics_debat,Pronostics PASS50 — tu avais vu juste ?,6,17:00,2026-09-03T17:00,buzz_montee,Buzz / montée,momentum,18,Buzz PASS50 : regarde cette progression.,Lien en bio → pass50.store,#pass50 #pass50store #classement #digital #influenceur,biggestGainer|scoreDelta,draft,,
15,2026-09-03,3,pronostics_debat,Pronostics PASS50 — tu avais vu juste ?,7,19:00,2026-09-03T19:00,live_radar_soir,Radar live soir,live_alert,15,Qui est en direct maintenant ?,Lien en bio → pass50.store,#pass50 #pass50store #classement #digital #influenceur,liveProfiles,draft,,
15,2026-09-03,3,pronostics_debat,Pronostics PASS50 — tu avais vu juste ?,8,21:00,2026-09-03T21:00,top3_soir,Top 3 du soir,top3,18,La course continue.,Lien en bio → pass50.store,#pass50 #pass50store #classement #digital #influenceur,top3|period24h,draft,,
15,2026-09-03,3,pronostics_debat,Pronostics PASS50 — tu avais vu juste ?,9,23:00,2026-09-03T23:00,recap_jour,Récap journée,daily_recap,24,Bilan en 20 secondes.,Lien en bio → pass50.store,#pass50 #pass50store #classement #digital #influenceur,top3|biggestGainer|liveCount,draft,,
15,2026-09-03,3,pronostics_debat,Pronostics PASS50 — tu avais vu juste ?,10,01:00,2026-09-04T01:00,teaser_lendemain,Teaser lendemain,teaser,14,Le classement ne dort jamais.,Lien en bio → pass50.store,#pass50 #pass50store #classement #digital #influenceur,,draft,,
15,2026-09-03,3,pronostics_debat,Pronostics PASS50 — tu avais vu juste ?,11,03:00,2026-09-04T03:00,coulisses,Coulisses / éducatif,explainer,20,Pourquoi le classement bouge.,Lien en bio → pass50.store,#pass50 #pass50store #classement #digital #influenceur,,draft,,
15,2026-09-03,3,pronostics_debat,Pronostics PASS50 — tu avais vu juste ?,12,05:00,2026-09-04T05:00,classement_7j,Classement 7 j,ranking_table,20,Top 5 sur la semaine.,Lien en bio → pass50.store,#pass50 #pass50store #classement #digital #influenceur,top5|period7j,draft,,
16,2026-09-04,3,pronostics_debat,Pronostics PASS50 — tu avais vu juste ?,1,07:00,2026-09-04T07:00,top3_matin,Top 3 du matin,top3,18,Le classement vient de bouger.,Lien en bio → pass50.store,#pass50 #pass50store #classement #influenceur #influenceurs,top3|period24h,draft,,
16,2026-09-04,3,pronostics_debat,Pronostics PASS50 — tu avais vu juste ?,2,09:00,2026-09-04T09:00,live_radar_matin,Radar live matin,live_alert,15,Quelqu'un est en live — radar PASS50.,Lien en bio → pass50.store,#pass50 #pass50store #classement #influenceur #influenceurs,liveProfiles,draft,,
16,2026-09-04,3,pronostics_debat,Pronostics PASS50 — tu avais vu juste ?,3,11:00,2026-09-04T11:00,fi_spotlight,FI du jour,profile_spotlight,20,Profil à suivre aujourd'hui.,Lien en bio → pass50.store,#pass50 #pass50store #classement #influenceur #influenceurs,spotlightProfile|scoreDelta,draft,,
16,2026-09-04,3,pronostics_debat,Pronostics PASS50 — tu avais vu juste ?,4,13:00,2026-09-04T13:00,classement_24h,Classement 24 h,ranking_table,22,Classement PASS50 — période 24 h.,Lien en bio → pass50.store,#pass50 #pass50store #classement #influenceur #influenceurs,top10|period24h,draft,,
16,2026-09-04,3,pronostics_debat,Pronostics PASS50 — tu avais vu juste ?,5,15:00,2026-09-04T15:00,sondage,Sondage / débat,poll,16,Tu mises sur qui pour ce soir ?,Lien en bio → pass50.store,#pass50 #pass50store #classement #influenceur #influenceurs,top3,draft,,
16,2026-09-04,3,pronostics_debat,Pronostics PASS50 — tu avais vu juste ?,6,17:00,2026-09-04T17:00,buzz_montee,Buzz / montée,momentum,18,Plus grosse montée du moment.,Lien en bio → pass50.store,#pass50 #pass50store #classement #influenceur #influenceurs,biggestGainer|scoreDelta,draft,,
16,2026-09-04,3,pronostics_debat,Pronostics PASS50 — tu avais vu juste ?,7,19:00,2026-09-04T19:00,live_radar_soir,Radar live soir,live_alert,15,Live du soir sur le radar.,Lien en bio → pass50.store,#pass50 #pass50store #classement #influenceur #influenceurs,liveProfiles,draft,,
16,2026-09-04,3,pronostics_debat,Pronostics PASS50 — tu avais vu juste ?,8,21:00,2026-09-04T21:00,top3_soir,Top 3 du soir,top3,18,Top 3 avant minuit.,Lien en bio → pass50.store,#pass50 #pass50store #classement #influenceur #influenceurs,top3|period24h,draft,,
16,2026-09-04,3,pronostics_debat,Pronostics PASS50 — tu avais vu juste ?,9,23:00,2026-09-04T23:00,recap_jour,Récap journée,daily_recap,24,Récap PASS50 de la journée.,Lien en bio → pass50.store,#pass50 #pass50store #classement #influenceur #influenceurs,top3|biggestGainer|liveCount,draft,,
16,2026-09-04,3,pronostics_debat,Pronostics PASS50 — tu avais vu juste ?,10,01:00,2026-09-05T01:00,teaser_lendemain,Teaser lendemain,teaser,14,Demain matin : nouveau Top 3.,Lien en bio → pass50.store,#pass50 #pass50store #classement #influenceur #influenceurs,,draft,,
16,2026-09-04,3,pronostics_debat,Pronostics PASS50 — tu avais vu juste ?,11,03:00,2026-09-05T03:00,coulisses,Coulisses / éducatif,explainer,20,Comment PASS50 calcule un score ?,Lien en bio → pass50.store,#pass50 #pass50store #classement #influenceur #influenceurs,,draft,,
16,2026-09-04,3,pronostics_debat,Pronostics PASS50 — tu avais vu juste ?,12,05:00,2026-09-05T05:00,classement_7j,Classement 7 j,ranking_table,20,Vue 7 jours — qui tient la route ?,Lien en bio → pass50.store,#pass50 #pass50store #classement #influenceur #influenceurs,top5|period7j,draft,,
17,2026-09-05,3,pronostics_debat,Pronostics PASS50 — tu avais vu juste ?,1,07:00,2026-09-05T07:00,top3_matin,Top 3 du matin,top3,18,Top 3 PASS50 ce matin.,Lien en bio → pass50.store,#pass50 #pass50store #classement #influenceurs #tiktokci,top3|period24h,draft,,
17,2026-09-05,3,pronostics_debat,Pronostics PASS50 — tu avais vu juste ?,2,09:00,2026-09-05T09:00,live_radar_matin,Radar live matin,live_alert,15,Alerte live détectée.,Lien en bio → pass50.store,#pass50 #pass50store #classement #influenceurs #tiktokci,liveProfiles,draft,,
17,2026-09-05,3,pronostics_debat,Pronostics PASS50 — tu avais vu juste ?,3,11:00,2026-09-05T11:00,fi_spotlight,FI du jour,profile_spotlight,20,Une FI monte fort.,Lien en bio → pass50.store,#pass50 #pass50store #classement #influenceurs #tiktokci,spotlightProfile|scoreDelta,draft,,
17,2026-09-05,3,pronostics_debat,Pronostics PASS50 — tu avais vu juste ?,4,13:00,2026-09-05T13:00,classement_24h,Classement 24 h,ranking_table,22,Le Top 10 en un écran.,Lien en bio → pass50.store,#pass50 #pass50store #classement #influenceurs #tiktokci,top10|period24h,draft,,
17,2026-09-05,3,pronostics_debat,Pronostics PASS50 — tu avais vu juste ?,5,15:00,2026-09-05T15:00,sondage,Sondage / débat,poll,16,"Commente 1, 2 ou 3.",Lien en bio → pass50.store,#pass50 #pass50store #classement #influenceurs #tiktokci,top3,draft,,
17,2026-09-05,3,pronostics_debat,Pronostics PASS50 — tu avais vu juste ?,6,17:00,2026-09-05T17:00,buzz_montee,Buzz / montée,momentum,18,Ce profil explose le classement.,Lien en bio → pass50.store,#pass50 #pass50store #classement #influenceurs #tiktokci,biggestGainer|scoreDelta,draft,,
17,2026-09-05,3,pronostics_debat,Pronostics PASS50 — tu avais vu juste ?,7,19:00,2026-09-05T19:00,live_radar_soir,Radar live soir,live_alert,15,"Le soir, ça chauffe sur PASS50.",Lien en bio → pass50.store,#pass50 #pass50store #classement #influenceurs #tiktokci,liveProfiles,draft,,
17,2026-09-05,3,pronostics_debat,Pronostics PASS50 — tu avais vu juste ?,8,21:00,2026-09-05T21:00,top3_soir,Top 3 du soir,top3,18,Classement du soir.,Lien en bio → pass50.store,#pass50 #pass50store #classement #influenceurs #tiktokci,top3|period24h,draft,,
17,2026-09-05,3,pronostics_debat,Pronostics PASS50 — tu avais vu juste ?,9,23:00,2026-09-05T23:00,recap_jour,Récap journée,daily_recap,24,Ce qu'il s'est passé aujourd'hui.,Lien en bio → pass50.store,#pass50 #pass50store #classement #influenceurs #tiktokci,top3|biggestGainer|liveCount,draft,,
17,2026-09-05,3,pronostics_debat,Pronostics PASS50 — tu avais vu juste ?,10,01:00,2026-09-06T01:00,teaser_lendemain,Teaser lendemain,teaser,14,Rendez-vous dans 6 h.,Lien en bio → pass50.store,#pass50 #pass50store #classement #influenceurs #tiktokci,,draft,,
17,2026-09-05,3,pronostics_debat,Pronostics PASS50 — tu avais vu juste ?,11,03:00,2026-09-06T03:00,coulisses,Coulisses / éducatif,explainer,20,C'est quoi le radar live ?,Lien en bio → pass50.store,#pass50 #pass50store #classement #influenceurs #tiktokci,,draft,,
17,2026-09-05,3,pronostics_debat,Pronostics PASS50 — tu avais vu juste ?,12,05:00,2026-09-06T05:00,classement_7j,Classement 7 j,ranking_table,20,"Le marathon, pas le sprint.",Lien en bio → pass50.store,#pass50 #pass50store #classement #influenceurs #tiktokci,top5|period7j,draft,,
18,2026-09-06,3,pronostics_debat,Pronostics PASS50 — tu avais vu juste ?,1,07:00,2026-09-06T07:00,top3_matin,Top 3 du matin,top3,18,Qui domine la période 24 h ?,Lien en bio → pass50.store,#pass50 #pass50store #classement #tiktokci #abidjan,top3|period24h,draft,,
18,2026-09-06,3,pronostics_debat,Pronostics PASS50 — tu avais vu juste ?,2,09:00,2026-09-06T09:00,live_radar_matin,Radar live matin,live_alert,15,Le radar vient de s'allumer.,Lien en bio → pass50.store,#pass50 #pass50store #classement #tiktokci #abidjan,liveProfiles,draft,,
18,2026-09-06,3,pronostics_debat,Pronostics PASS50 — tu avais vu juste ?,3,11:00,2026-09-06T11:00,fi_spotlight,FI du jour,profile_spotlight,20,Tu connais ce profil PASS50 ?,Lien en bio → pass50.store,#pass50 #pass50store #classement #tiktokci #abidjan,spotlightProfile|scoreDelta,draft,,
18,2026-09-06,3,pronostics_debat,Pronostics PASS50 — tu avais vu juste ?,4,13:00,2026-09-06T13:00,classement_24h,Classement 24 h,ranking_table,22,Les chiffres ne mentent pas… enfin presque.,Lien en bio → pass50.store,#pass50 #pass50store #classement #tiktokci #abidjan,top10|period24h,draft,,
18,2026-09-06,3,pronostics_debat,Pronostics PASS50 — tu avais vu juste ?,5,15:00,2026-09-06T15:00,sondage,Sondage / débat,poll,16,Débat : ce Top 3 est mérité ?,Lien en bio → pass50.store,#pass50 #pass50store #classement #tiktokci #abidjan,top3,draft,,
18,2026-09-06,3,pronostics_debat,Pronostics PASS50 — tu avais vu juste ?,6,17:00,2026-09-06T17:00,buzz_montee,Buzz / montée,momentum,18,Buzz PASS50 : regarde cette progression.,Lien en bio → pass50.store,#pass50 #pass50store #classement #tiktokci #abidjan,biggestGainer|scoreDelta,draft,,
18,2026-09-06,3,pronostics_debat,Pronostics PASS50 — tu avais vu juste ?,7,19:00,2026-09-06T19:00,live_radar_soir,Radar live soir,live_alert,15,Qui est en direct maintenant ?,Lien en bio → pass50.store,#pass50 #pass50store #classement #tiktokci #abidjan,liveProfiles,draft,,
18,2026-09-06,3,pronostics_debat,Pronostics PASS50 — tu avais vu juste ?,8,21:00,2026-09-06T21:00,top3_soir,Top 3 du soir,top3,18,La course continue.,Lien en bio → pass50.store,#pass50 #pass50store #classement #tiktokci #abidjan,top3|period24h,draft,,
18,2026-09-06,3,pronostics_debat,Pronostics PASS50 — tu avais vu juste ?,9,23:00,2026-09-06T23:00,recap_jour,Récap journée,daily_recap,24,Bilan en 20 secondes.,Lien en bio → pass50.store,#pass50 #pass50store #classement #tiktokci #abidjan,top3|biggestGainer|liveCount,draft,,
18,2026-09-06,3,pronostics_debat,Pronostics PASS50 — tu avais vu juste ?,10,01:00,2026-09-07T01:00,teaser_lendemain,Teaser lendemain,teaser,14,Le classement ne dort jamais.,Lien en bio → pass50.store,#pass50 #pass50store #classement #tiktokci #abidjan,,draft,,
18,2026-09-06,3,pronostics_debat,Pronostics PASS50 — tu avais vu juste ?,11,03:00,2026-09-07T03:00,coulisses,Coulisses / éducatif,explainer,20,Pourquoi le classement bouge.,Lien en bio → pass50.store,#pass50 #pass50store #classement #tiktokci #abidjan,,draft,,
18,2026-09-06,3,pronostics_debat,Pronostics PASS50 — tu avais vu juste ?,12,05:00,2026-09-07T05:00,classement_7j,Classement 7 j,ranking_table,20,Top 5 sur la semaine.,Lien en bio → pass50.store,#pass50 #pass50store #classement #tiktokci #abidjan,top5|period7j,draft,,
19,2026-09-07,3,pronostics_debat,Pronostics PASS50 — tu avais vu juste ?,1,07:00,2026-09-07T07:00,top3_matin,Top 3 du matin,top3,18,Le classement vient de bouger.,Lien en bio → pass50.store,#pass50 #pass50store #classement #abidjan #live,top3|period24h,draft,,
19,2026-09-07,3,pronostics_debat,Pronostics PASS50 — tu avais vu juste ?,2,09:00,2026-09-07T09:00,live_radar_matin,Radar live matin,live_alert,15,Quelqu'un est en live — radar PASS50.,Lien en bio → pass50.store,#pass50 #pass50store #classement #abidjan #live,liveProfiles,draft,,
19,2026-09-07,3,pronostics_debat,Pronostics PASS50 — tu avais vu juste ?,3,11:00,2026-09-07T11:00,fi_spotlight,FI du jour,profile_spotlight,20,Profil à suivre aujourd'hui.,Lien en bio → pass50.store,#pass50 #pass50store #classement #abidjan #live,spotlightProfile|scoreDelta,draft,,
19,2026-09-07,3,pronostics_debat,Pronostics PASS50 — tu avais vu juste ?,4,13:00,2026-09-07T13:00,classement_24h,Classement 24 h,ranking_table,22,Classement PASS50 — période 24 h.,Lien en bio → pass50.store,#pass50 #pass50store #classement #abidjan #live,top10|period24h,draft,,
19,2026-09-07,3,pronostics_debat,Pronostics PASS50 — tu avais vu juste ?,5,15:00,2026-09-07T15:00,sondage,Sondage / débat,poll,16,Tu mises sur qui pour ce soir ?,Lien en bio → pass50.store,#pass50 #pass50store #classement #abidjan #live,top3,draft,,
19,2026-09-07,3,pronostics_debat,Pronostics PASS50 — tu avais vu juste ?,6,17:00,2026-09-07T17:00,buzz_montee,Buzz / montée,momentum,18,Plus grosse montée du moment.,Lien en bio → pass50.store,#pass50 #pass50store #classement #abidjan #live,biggestGainer|scoreDelta,draft,,
19,2026-09-07,3,pronostics_debat,Pronostics PASS50 — tu avais vu juste ?,7,19:00,2026-09-07T19:00,live_radar_soir,Radar live soir,live_alert,15,Live du soir sur le radar.,Lien en bio → pass50.store,#pass50 #pass50store #classement #abidjan #live,liveProfiles,draft,,
19,2026-09-07,3,pronostics_debat,Pronostics PASS50 — tu avais vu juste ?,8,21:00,2026-09-07T21:00,top3_soir,Top 3 du soir,top3,18,Top 3 avant minuit.,Lien en bio → pass50.store,#pass50 #pass50store #classement #abidjan #live,top3|period24h,draft,,
19,2026-09-07,3,pronostics_debat,Pronostics PASS50 — tu avais vu juste ?,9,23:00,2026-09-07T23:00,recap_jour,Récap journée,daily_recap,24,Récap PASS50 de la journée.,Lien en bio → pass50.store,#pass50 #pass50store #classement #abidjan #live,top3|biggestGainer|liveCount,draft,,
19,2026-09-07,3,pronostics_debat,Pronostics PASS50 — tu avais vu juste ?,10,01:00,2026-09-08T01:00,teaser_lendemain,Teaser lendemain,teaser,14,Demain matin : nouveau Top 3.,Lien en bio → pass50.store,#pass50 #pass50store #classement #abidjan #live,,draft,,
19,2026-09-07,3,pronostics_debat,Pronostics PASS50 — tu avais vu juste ?,11,03:00,2026-09-08T03:00,coulisses,Coulisses / éducatif,explainer,20,Comment PASS50 calcule un score ?,Lien en bio → pass50.store,#pass50 #pass50store #classement #abidjan #live,,draft,,
19,2026-09-07,3,pronostics_debat,Pronostics PASS50 — tu avais vu juste ?,12,05:00,2026-09-08T05:00,classement_7j,Classement 7 j,ranking_table,20,Vue 7 jours — qui tient la route ?,Lien en bio → pass50.store,#pass50 #pass50store #classement #abidjan #live,top5|period7j,draft,,
20,2026-09-08,3,pronostics_debat,Pronostics PASS50 — tu avais vu juste ?,1,07:00,2026-09-08T07:00,top3_matin,Top 3 du matin,top3,18,Top 3 PASS50 ce matin.,Lien en bio → pass50.store,#pass50 #pass50store #classement #live #buzz,top3|period24h,draft,,
20,2026-09-08,3,pronostics_debat,Pronostics PASS50 — tu avais vu juste ?,2,09:00,2026-09-08T09:00,live_radar_matin,Radar live matin,live_alert,15,Alerte live détectée.,Lien en bio → pass50.store,#pass50 #pass50store #classement #live #buzz,liveProfiles,draft,,
20,2026-09-08,3,pronostics_debat,Pronostics PASS50 — tu avais vu juste ?,3,11:00,2026-09-08T11:00,fi_spotlight,FI du jour,profile_spotlight,20,Une FI monte fort.,Lien en bio → pass50.store,#pass50 #pass50store #classement #live #buzz,spotlightProfile|scoreDelta,draft,,
20,2026-09-08,3,pronostics_debat,Pronostics PASS50 — tu avais vu juste ?,4,13:00,2026-09-08T13:00,classement_24h,Classement 24 h,ranking_table,22,Le Top 10 en un écran.,Lien en bio → pass50.store,#pass50 #pass50store #classement #live #buzz,top10|period24h,draft,,
20,2026-09-08,3,pronostics_debat,Pronostics PASS50 — tu avais vu juste ?,5,15:00,2026-09-08T15:00,sondage,Sondage / débat,poll,16,"Commente 1, 2 ou 3.",Lien en bio → pass50.store,#pass50 #pass50store #classement #live #buzz,top3,draft,,
20,2026-09-08,3,pronostics_debat,Pronostics PASS50 — tu avais vu juste ?,6,17:00,2026-09-08T17:00,buzz_montee,Buzz / montée,momentum,18,Ce profil explose le classement.,Lien en bio → pass50.store,#pass50 #pass50store #classement #live #buzz,biggestGainer|scoreDelta,draft,,
20,2026-09-08,3,pronostics_debat,Pronostics PASS50 — tu avais vu juste ?,7,19:00,2026-09-08T19:00,live_radar_soir,Radar live soir,live_alert,15,"Le soir, ça chauffe sur PASS50.",Lien en bio → pass50.store,#pass50 #pass50store #classement #live #buzz,liveProfiles,draft,,
20,2026-09-08,3,pronostics_debat,Pronostics PASS50 — tu avais vu juste ?,8,21:00,2026-09-08T21:00,top3_soir,Top 3 du soir,top3,18,Classement du soir.,Lien en bio → pass50.store,#pass50 #pass50store #classement #live #buzz,top3|period24h,draft,,
20,2026-09-08,3,pronostics_debat,Pronostics PASS50 — tu avais vu juste ?,9,23:00,2026-09-08T23:00,recap_jour,Récap journée,daily_recap,24,Ce qu'il s'est passé aujourd'hui.,Lien en bio → pass50.store,#pass50 #pass50store #classement #live #buzz,top3|biggestGainer|liveCount,draft,,
20,2026-09-08,3,pronostics_debat,Pronostics PASS50 — tu avais vu juste ?,10,01:00,2026-09-09T01:00,teaser_lendemain,Teaser lendemain,teaser,14,Rendez-vous dans 6 h.,Lien en bio → pass50.store,#pass50 #pass50store #classement #live #buzz,,draft,,
20,2026-09-08,3,pronostics_debat,Pronostics PASS50 — tu avais vu juste ?,11,03:00,2026-09-09T03:00,coulisses,Coulisses / éducatif,explainer,20,C'est quoi le radar live ?,Lien en bio → pass50.store,#pass50 #pass50store #classement #live #buzz,,draft,,
20,2026-09-08,3,pronostics_debat,Pronostics PASS50 — tu avais vu juste ?,12,05:00,2026-09-09T05:00,classement_7j,Classement 7 j,ranking_table,20,"Le marathon, pas le sprint.",Lien en bio → pass50.store,#pass50 #pass50store #classement #live #buzz,top5|period7j,draft,,
21,2026-09-09,3,pronostics_debat,Pronostics PASS50 — tu avais vu juste ?,1,07:00,2026-09-09T07:00,top3_matin,Top 3 du matin,top3,18,Qui domine la période 24 h ?,Lien en bio → pass50.store,#pass50 #pass50store #classement #buzz #top50,top3|period24h,draft,,
21,2026-09-09,3,pronostics_debat,Pronostics PASS50 — tu avais vu juste ?,2,09:00,2026-09-09T09:00,live_radar_matin,Radar live matin,live_alert,15,Le radar vient de s'allumer.,Lien en bio → pass50.store,#pass50 #pass50store #classement #buzz #top50,liveProfiles,draft,,
21,2026-09-09,3,pronostics_debat,Pronostics PASS50 — tu avais vu juste ?,3,11:00,2026-09-09T11:00,fi_spotlight,FI du jour,profile_spotlight,20,Tu connais ce profil PASS50 ?,Lien en bio → pass50.store,#pass50 #pass50store #classement #buzz #top50,spotlightProfile|scoreDelta,draft,,
21,2026-09-09,3,pronostics_debat,Pronostics PASS50 — tu avais vu juste ?,4,13:00,2026-09-09T13:00,classement_24h,Classement 24 h,ranking_table,22,Les chiffres ne mentent pas… enfin presque.,Lien en bio → pass50.store,#pass50 #pass50store #classement #buzz #top50,top10|period24h,draft,,
21,2026-09-09,3,pronostics_debat,Pronostics PASS50 — tu avais vu juste ?,5,15:00,2026-09-09T15:00,sondage,Sondage / débat,poll,16,Débat : ce Top 3 est mérité ?,Lien en bio → pass50.store,#pass50 #pass50store #classement #buzz #top50,top3,draft,,
21,2026-09-09,3,pronostics_debat,Pronostics PASS50 — tu avais vu juste ?,6,17:00,2026-09-09T17:00,buzz_montee,Buzz / montée,momentum,18,Buzz PASS50 : regarde cette progression.,Lien en bio → pass50.store,#pass50 #pass50store #classement #buzz #top50,biggestGainer|scoreDelta,draft,,
21,2026-09-09,3,pronostics_debat,Pronostics PASS50 — tu avais vu juste ?,7,19:00,2026-09-09T19:00,live_radar_soir,Radar live soir,live_alert,15,Qui est en direct maintenant ?,Lien en bio → pass50.store,#pass50 #pass50store #classement #buzz #top50,liveProfiles,draft,,
21,2026-09-09,3,pronostics_debat,Pronostics PASS50 — tu avais vu juste ?,8,21:00,2026-09-09T21:00,top3_soir,Top 3 du soir,top3,18,La course continue.,Lien en bio → pass50.store,#pass50 #pass50store #classement #buzz #top50,top3|period24h,draft,,
21,2026-09-09,3,pronostics_debat,Pronostics PASS50 — tu avais vu juste ?,9,23:00,2026-09-09T23:00,recap_jour,Récap journée,daily_recap,24,Bilan en 20 secondes.,Lien en bio → pass50.store,#pass50 #pass50store #classement #buzz #top50,top3|biggestGainer|liveCount,draft,,
21,2026-09-09,3,pronostics_debat,Pronostics PASS50 — tu avais vu juste ?,10,01:00,2026-09-10T01:00,teaser_lendemain,Teaser lendemain,teaser,14,Le classement ne dort jamais.,Lien en bio → pass50.store,#pass50 #pass50store #classement #buzz #top50,,draft,,
21,2026-09-09,3,pronostics_debat,Pronostics PASS50 — tu avais vu juste ?,11,03:00,2026-09-10T03:00,coulisses,Coulisses / éducatif,explainer,20,Pourquoi le classement bouge.,Lien en bio → pass50.store,#pass50 #pass50store #classement #buzz #top50,,draft,,
21,2026-09-09,3,pronostics_debat,Pronostics PASS50 — tu avais vu juste ?,12,05:00,2026-09-10T05:00,classement_7j,Classement 7 j,ranking_table,20,Top 5 sur la semaine.,Lien en bio → pass50.store,#pass50 #pass50store #classement #buzz #top50,top5|period7j,draft,,
22,2026-09-10,4,bilan,30 jours de classement — les plus gros mouvements.,1,07:00,2026-09-10T07:00,top3_matin,Top 3 du matin,top3,18,Le classement vient de bouger.,Lien en bio → pass50.store,#pass50 #pass50store #classement #top50 #digital,top3|period24h,draft,,
22,2026-09-10,4,bilan,30 jours de classement — les plus gros mouvements.,2,09:00,2026-09-10T09:00,live_radar_matin,Radar live matin,live_alert,15,Quelqu'un est en live — radar PASS50.,Lien en bio → pass50.store,#pass50 #pass50store #classement #top50 #digital,liveProfiles,draft,,
22,2026-09-10,4,bilan,30 jours de classement — les plus gros mouvements.,3,11:00,2026-09-10T11:00,fi_spotlight,FI du jour,profile_spotlight,20,Profil à suivre aujourd'hui.,Lien en bio → pass50.store,#pass50 #pass50store #classement #top50 #digital,spotlightProfile|scoreDelta,draft,,
22,2026-09-10,4,bilan,30 jours de classement — les plus gros mouvements.,4,13:00,2026-09-10T13:00,classement_24h,Classement 24 h,ranking_table,22,Classement PASS50 — période 24 h.,Lien en bio → pass50.store,#pass50 #pass50store #classement #top50 #digital,top10|period24h,draft,,
22,2026-09-10,4,bilan,30 jours de classement — les plus gros mouvements.,5,15:00,2026-09-10T15:00,sondage,Sondage / débat,poll,16,Tu mises sur qui pour ce soir ?,Lien en bio → pass50.store,#pass50 #pass50store #classement #top50 #digital,top3,draft,,
22,2026-09-10,4,bilan,30 jours de classement — les plus gros mouvements.,6,17:00,2026-09-10T17:00,buzz_montee,Buzz / montée,momentum,18,Plus grosse montée du moment.,Lien en bio → pass50.store,#pass50 #pass50store #classement #top50 #digital,biggestGainer|scoreDelta,draft,,
22,2026-09-10,4,bilan,30 jours de classement — les plus gros mouvements.,7,19:00,2026-09-10T19:00,live_radar_soir,Radar live soir,live_alert,15,Live du soir sur le radar.,Lien en bio → pass50.store,#pass50 #pass50store #classement #top50 #digital,liveProfiles,draft,,
22,2026-09-10,4,bilan,30 jours de classement — les plus gros mouvements.,8,21:00,2026-09-10T21:00,top3_soir,Top 3 du soir,top3,18,Top 3 avant minuit.,Lien en bio → pass50.store,#pass50 #pass50store #classement #top50 #digital,top3|period24h,draft,,
22,2026-09-10,4,bilan,30 jours de classement — les plus gros mouvements.,9,23:00,2026-09-10T23:00,recap_jour,Récap journée,daily_recap,24,Récap PASS50 de la journée.,Lien en bio → pass50.store,#pass50 #pass50store #classement #top50 #digital,top3|biggestGainer|liveCount,draft,,
22,2026-09-10,4,bilan,30 jours de classement — les plus gros mouvements.,10,01:00,2026-09-11T01:00,teaser_lendemain,Teaser lendemain,teaser,14,Demain matin : nouveau Top 3.,Lien en bio → pass50.store,#pass50 #pass50store #classement #top50 #digital,,draft,,
22,2026-09-10,4,bilan,30 jours de classement — les plus gros mouvements.,11,03:00,2026-09-11T03:00,coulisses,Coulisses / éducatif,explainer,20,Comment PASS50 calcule un score ?,Lien en bio → pass50.store,#pass50 #pass50store #classement #top50 #digital,,draft,,
22,2026-09-10,4,bilan,30 jours de classement — les plus gros mouvements.,12,05:00,2026-09-11T05:00,classement_7j,Classement 7 j,ranking_table,20,Vue 7 jours — qui tient la route ?,Lien en bio → pass50.store,#pass50 #pass50store #classement #top50 #digital,top5|period7j,draft,,
23,2026-09-11,4,bilan,30 jours de classement — les plus gros mouvements.,1,07:00,2026-09-11T07:00,top3_matin,Top 3 du matin,top3,18,Top 3 PASS50 ce matin.,Lien en bio → pass50.store,#pass50 #pass50store #classement #digital #influenceur,top3|period24h,draft,,
23,2026-09-11,4,bilan,30 jours de classement — les plus gros mouvements.,2,09:00,2026-09-11T09:00,live_radar_matin,Radar live matin,live_alert,15,Alerte live détectée.,Lien en bio → pass50.store,#pass50 #pass50store #classement #digital #influenceur,liveProfiles,draft,,
23,2026-09-11,4,bilan,30 jours de classement — les plus gros mouvements.,3,11:00,2026-09-11T11:00,fi_spotlight,FI du jour,profile_spotlight,20,Une FI monte fort.,Lien en bio → pass50.store,#pass50 #pass50store #classement #digital #influenceur,spotlightProfile|scoreDelta,draft,,
23,2026-09-11,4,bilan,30 jours de classement — les plus gros mouvements.,4,13:00,2026-09-11T13:00,classement_24h,Classement 24 h,ranking_table,22,Le Top 10 en un écran.,Lien en bio → pass50.store,#pass50 #pass50store #classement #digital #influenceur,top10|period24h,draft,,
23,2026-09-11,4,bilan,30 jours de classement — les plus gros mouvements.,5,15:00,2026-09-11T15:00,sondage,Sondage / débat,poll,16,"Commente 1, 2 ou 3.",Lien en bio → pass50.store,#pass50 #pass50store #classement #digital #influenceur,top3,draft,,
23,2026-09-11,4,bilan,30 jours de classement — les plus gros mouvements.,6,17:00,2026-09-11T17:00,buzz_montee,Buzz / montée,momentum,18,Ce profil explose le classement.,Lien en bio → pass50.store,#pass50 #pass50store #classement #digital #influenceur,biggestGainer|scoreDelta,draft,,
23,2026-09-11,4,bilan,30 jours de classement — les plus gros mouvements.,7,19:00,2026-09-11T19:00,live_radar_soir,Radar live soir,live_alert,15,"Le soir, ça chauffe sur PASS50.",Lien en bio → pass50.store,#pass50 #pass50store #classement #digital #influenceur,liveProfiles,draft,,
23,2026-09-11,4,bilan,30 jours de classement — les plus gros mouvements.,8,21:00,2026-09-11T21:00,top3_soir,Top 3 du soir,top3,18,Classement du soir.,Lien en bio → pass50.store,#pass50 #pass50store #classement #digital #influenceur,top3|period24h,draft,,
23,2026-09-11,4,bilan,30 jours de classement — les plus gros mouvements.,9,23:00,2026-09-11T23:00,recap_jour,Récap journée,daily_recap,24,Ce qu'il s'est passé aujourd'hui.,Lien en bio → pass50.store,#pass50 #pass50store #classement #digital #influenceur,top3|biggestGainer|liveCount,draft,,
23,2026-09-11,4,bilan,30 jours de classement — les plus gros mouvements.,10,01:00,2026-09-12T01:00,teaser_lendemain,Teaser lendemain,teaser,14,Rendez-vous dans 6 h.,Lien en bio → pass50.store,#pass50 #pass50store #classement #digital #influenceur,,draft,,
23,2026-09-11,4,bilan,30 jours de classement — les plus gros mouvements.,11,03:00,2026-09-12T03:00,coulisses,Coulisses / éducatif,explainer,20,C'est quoi le radar live ?,Lien en bio → pass50.store,#pass50 #pass50store #classement #digital #influenceur,,draft,,
23,2026-09-11,4,bilan,30 jours de classement — les plus gros mouvements.,12,05:00,2026-09-12T05:00,classement_7j,Classement 7 j,ranking_table,20,"Le marathon, pas le sprint.",Lien en bio → pass50.store,#pass50 #pass50store #classement #digital #influenceur,top5|period7j,draft,,
24,2026-09-12,4,bilan,30 jours de classement — les plus gros mouvements.,1,07:00,2026-09-12T07:00,top3_matin,Top 3 du matin,top3,18,Qui domine la période 24 h ?,Lien en bio → pass50.store,#pass50 #pass50store #classement #influenceur #influenceurs,top3|period24h,draft,,
24,2026-09-12,4,bilan,30 jours de classement — les plus gros mouvements.,2,09:00,2026-09-12T09:00,live_radar_matin,Radar live matin,live_alert,15,Le radar vient de s'allumer.,Lien en bio → pass50.store,#pass50 #pass50store #classement #influenceur #influenceurs,liveProfiles,draft,,
24,2026-09-12,4,bilan,30 jours de classement — les plus gros mouvements.,3,11:00,2026-09-12T11:00,fi_spotlight,FI du jour,profile_spotlight,20,Tu connais ce profil PASS50 ?,Lien en bio → pass50.store,#pass50 #pass50store #classement #influenceur #influenceurs,spotlightProfile|scoreDelta,draft,,
24,2026-09-12,4,bilan,30 jours de classement — les plus gros mouvements.,4,13:00,2026-09-12T13:00,classement_24h,Classement 24 h,ranking_table,22,Les chiffres ne mentent pas… enfin presque.,Lien en bio → pass50.store,#pass50 #pass50store #classement #influenceur #influenceurs,top10|period24h,draft,,
24,2026-09-12,4,bilan,30 jours de classement — les plus gros mouvements.,5,15:00,2026-09-12T15:00,sondage,Sondage / débat,poll,16,Débat : ce Top 3 est mérité ?,Lien en bio → pass50.store,#pass50 #pass50store #classement #influenceur #influenceurs,top3,draft,,
24,2026-09-12,4,bilan,30 jours de classement — les plus gros mouvements.,6,17:00,2026-09-12T17:00,buzz_montee,Buzz / montée,momentum,18,Buzz PASS50 : regarde cette progression.,Lien en bio → pass50.store,#pass50 #pass50store #classement #influenceur #influenceurs,biggestGainer|scoreDelta,draft,,
24,2026-09-12,4,bilan,30 jours de classement — les plus gros mouvements.,7,19:00,2026-09-12T19:00,live_radar_soir,Radar live soir,live_alert,15,Qui est en direct maintenant ?,Lien en bio → pass50.store,#pass50 #pass50store #classement #influenceur #influenceurs,liveProfiles,draft,,
24,2026-09-12,4,bilan,30 jours de classement — les plus gros mouvements.,8,21:00,2026-09-12T21:00,top3_soir,Top 3 du soir,top3,18,La course continue.,Lien en bio → pass50.store,#pass50 #pass50store #classement #influenceur #influenceurs,top3|period24h,draft,,
24,2026-09-12,4,bilan,30 jours de classement — les plus gros mouvements.,9,23:00,2026-09-12T23:00,recap_jour,Récap journée,daily_recap,24,Bilan en 20 secondes.,Lien en bio → pass50.store,#pass50 #pass50store #classement #influenceur #influenceurs,top3|biggestGainer|liveCount,draft,,
24,2026-09-12,4,bilan,30 jours de classement — les plus gros mouvements.,10,01:00,2026-09-13T01:00,teaser_lendemain,Teaser lendemain,teaser,14,Le classement ne dort jamais.,Lien en bio → pass50.store,#pass50 #pass50store #classement #influenceur #influenceurs,,draft,,
24,2026-09-12,4,bilan,30 jours de classement — les plus gros mouvements.,11,03:00,2026-09-13T03:00,coulisses,Coulisses / éducatif,explainer,20,Pourquoi le classement bouge.,Lien en bio → pass50.store,#pass50 #pass50store #classement #influenceur #influenceurs,,draft,,
24,2026-09-12,4,bilan,30 jours de classement — les plus gros mouvements.,12,05:00,2026-09-13T05:00,classement_7j,Classement 7 j,ranking_table,20,Top 5 sur la semaine.,Lien en bio → pass50.store,#pass50 #pass50store #classement #influenceur #influenceurs,top5|period7j,draft,,
25,2026-09-13,4,bilan,30 jours de classement — les plus gros mouvements.,1,07:00,2026-09-13T07:00,top3_matin,Top 3 du matin,top3,18,Le classement vient de bouger.,Lien en bio → pass50.store,#pass50 #pass50store #classement #influenceurs #tiktokci,top3|period24h,draft,,
25,2026-09-13,4,bilan,30 jours de classement — les plus gros mouvements.,2,09:00,2026-09-13T09:00,live_radar_matin,Radar live matin,live_alert,15,Quelqu'un est en live — radar PASS50.,Lien en bio → pass50.store,#pass50 #pass50store #classement #influenceurs #tiktokci,liveProfiles,draft,,
25,2026-09-13,4,bilan,30 jours de classement — les plus gros mouvements.,3,11:00,2026-09-13T11:00,fi_spotlight,FI du jour,profile_spotlight,20,Profil à suivre aujourd'hui.,Lien en bio → pass50.store,#pass50 #pass50store #classement #influenceurs #tiktokci,spotlightProfile|scoreDelta,draft,,
25,2026-09-13,4,bilan,30 jours de classement — les plus gros mouvements.,4,13:00,2026-09-13T13:00,classement_24h,Classement 24 h,ranking_table,22,Classement PASS50 — période 24 h.,Lien en bio → pass50.store,#pass50 #pass50store #classement #influenceurs #tiktokci,top10|period24h,draft,,
25,2026-09-13,4,bilan,30 jours de classement — les plus gros mouvements.,5,15:00,2026-09-13T15:00,sondage,Sondage / débat,poll,16,Tu mises sur qui pour ce soir ?,Lien en bio → pass50.store,#pass50 #pass50store #classement #influenceurs #tiktokci,top3,draft,,
25,2026-09-13,4,bilan,30 jours de classement — les plus gros mouvements.,6,17:00,2026-09-13T17:00,buzz_montee,Buzz / montée,momentum,18,Plus grosse montée du moment.,Lien en bio → pass50.store,#pass50 #pass50store #classement #influenceurs #tiktokci,biggestGainer|scoreDelta,draft,,
25,2026-09-13,4,bilan,30 jours de classement — les plus gros mouvements.,7,19:00,2026-09-13T19:00,live_radar_soir,Radar live soir,live_alert,15,Live du soir sur le radar.,Lien en bio → pass50.store,#pass50 #pass50store #classement #influenceurs #tiktokci,liveProfiles,draft,,
25,2026-09-13,4,bilan,30 jours de classement — les plus gros mouvements.,8,21:00,2026-09-13T21:00,top3_soir,Top 3 du soir,top3,18,Top 3 avant minuit.,Lien en bio → pass50.store,#pass50 #pass50store #classement #influenceurs #tiktokci,top3|period24h,draft,,
25,2026-09-13,4,bilan,30 jours de classement — les plus gros mouvements.,9,23:00,2026-09-13T23:00,recap_jour,Récap journée,daily_recap,24,Récap PASS50 de la journée.,Lien en bio → pass50.store,#pass50 #pass50store #classement #influenceurs #tiktokci,top3|biggestGainer|liveCount,draft,,
25,2026-09-13,4,bilan,30 jours de classement — les plus gros mouvements.,10,01:00,2026-09-14T01:00,teaser_lendemain,Teaser lendemain,teaser,14,Demain matin : nouveau Top 3.,Lien en bio → pass50.store,#pass50 #pass50store #classement #influenceurs #tiktokci,,draft,,
25,2026-09-13,4,bilan,30 jours de classement — les plus gros mouvements.,11,03:00,2026-09-14T03:00,coulisses,Coulisses / éducatif,explainer,20,Comment PASS50 calcule un score ?,Lien en bio → pass50.store,#pass50 #pass50store #classement #influenceurs #tiktokci,,draft,,
25,2026-09-13,4,bilan,30 jours de classement — les plus gros mouvements.,12,05:00,2026-09-14T05:00,classement_7j,Classement 7 j,ranking_table,20,Vue 7 jours — qui tient la route ?,Lien en bio → pass50.store,#pass50 #pass50store #classement #influenceurs #tiktokci,top5|period7j,draft,,
26,2026-09-14,4,bilan,30 jours de classement — les plus gros mouvements.,1,07:00,2026-09-14T07:00,top3_matin,Top 3 du matin,top3,18,Top 3 PASS50 ce matin.,Lien en bio → pass50.store,#pass50 #pass50store #classement #tiktokci #abidjan,top3|period24h,draft,,
26,2026-09-14,4,bilan,30 jours de classement — les plus gros mouvements.,2,09:00,2026-09-14T09:00,live_radar_matin,Radar live matin,live_alert,15,Alerte live détectée.,Lien en bio → pass50.store,#pass50 #pass50store #classement #tiktokci #abidjan,liveProfiles,draft,,
26,2026-09-14,4,bilan,30 jours de classement — les plus gros mouvements.,3,11:00,2026-09-14T11:00,fi_spotlight,FI du jour,profile_spotlight,20,Une FI monte fort.,Lien en bio → pass50.store,#pass50 #pass50store #classement #tiktokci #abidjan,spotlightProfile|scoreDelta,draft,,
26,2026-09-14,4,bilan,30 jours de classement — les plus gros mouvements.,4,13:00,2026-09-14T13:00,classement_24h,Classement 24 h,ranking_table,22,Le Top 10 en un écran.,Lien en bio → pass50.store,#pass50 #pass50store #classement #tiktokci #abidjan,top10|period24h,draft,,
26,2026-09-14,4,bilan,30 jours de classement — les plus gros mouvements.,5,15:00,2026-09-14T15:00,sondage,Sondage / débat,poll,16,"Commente 1, 2 ou 3.",Lien en bio → pass50.store,#pass50 #pass50store #classement #tiktokci #abidjan,top3,draft,,
26,2026-09-14,4,bilan,30 jours de classement — les plus gros mouvements.,6,17:00,2026-09-14T17:00,buzz_montee,Buzz / montée,momentum,18,Ce profil explose le classement.,Lien en bio → pass50.store,#pass50 #pass50store #classement #tiktokci #abidjan,biggestGainer|scoreDelta,draft,,
26,2026-09-14,4,bilan,30 jours de classement — les plus gros mouvements.,7,19:00,2026-09-14T19:00,live_radar_soir,Radar live soir,live_alert,15,"Le soir, ça chauffe sur PASS50.",Lien en bio → pass50.store,#pass50 #pass50store #classement #tiktokci #abidjan,liveProfiles,draft,,
26,2026-09-14,4,bilan,30 jours de classement — les plus gros mouvements.,8,21:00,2026-09-14T21:00,top3_soir,Top 3 du soir,top3,18,Classement du soir.,Lien en bio → pass50.store,#pass50 #pass50store #classement #tiktokci #abidjan,top3|period24h,draft,,
26,2026-09-14,4,bilan,30 jours de classement — les plus gros mouvements.,9,23:00,2026-09-14T23:00,recap_jour,Récap journée,daily_recap,24,Ce qu'il s'est passé aujourd'hui.,Lien en bio → pass50.store,#pass50 #pass50store #classement #tiktokci #abidjan,top3|biggestGainer|liveCount,draft,,
26,2026-09-14,4,bilan,30 jours de classement — les plus gros mouvements.,10,01:00,2026-09-15T01:00,teaser_lendemain,Teaser lendemain,teaser,14,Rendez-vous dans 6 h.,Lien en bio → pass50.store,#pass50 #pass50store #classement #tiktokci #abidjan,,draft,,
26,2026-09-14,4,bilan,30 jours de classement — les plus gros mouvements.,11,03:00,2026-09-15T03:00,coulisses,Coulisses / éducatif,explainer,20,C'est quoi le radar live ?,Lien en bio → pass50.store,#pass50 #pass50store #classement #tiktokci #abidjan,,draft,,
26,2026-09-14,4,bilan,30 jours de classement — les plus gros mouvements.,12,05:00,2026-09-15T05:00,classement_7j,Classement 7 j,ranking_table,20,"Le marathon, pas le sprint.",Lien en bio → pass50.store,#pass50 #pass50store #classement #tiktokci #abidjan,top5|period7j,draft,,
27,2026-09-15,4,bilan,30 jours de classement — les plus gros mouvements.,1,07:00,2026-09-15T07:00,top3_matin,Top 3 du matin,top3,18,Qui domine la période 24 h ?,Lien en bio → pass50.store,#pass50 #pass50store #classement #abidjan #live,top3|period24h,draft,,
27,2026-09-15,4,bilan,30 jours de classement — les plus gros mouvements.,2,09:00,2026-09-15T09:00,live_radar_matin,Radar live matin,live_alert,15,Le radar vient de s'allumer.,Lien en bio → pass50.store,#pass50 #pass50store #classement #abidjan #live,liveProfiles,draft,,
27,2026-09-15,4,bilan,30 jours de classement — les plus gros mouvements.,3,11:00,2026-09-15T11:00,fi_spotlight,FI du jour,profile_spotlight,20,Tu connais ce profil PASS50 ?,Lien en bio → pass50.store,#pass50 #pass50store #classement #abidjan #live,spotlightProfile|scoreDelta,draft,,
27,2026-09-15,4,bilan,30 jours de classement — les plus gros mouvements.,4,13:00,2026-09-15T13:00,classement_24h,Classement 24 h,ranking_table,22,Les chiffres ne mentent pas… enfin presque.,Lien en bio → pass50.store,#pass50 #pass50store #classement #abidjan #live,top10|period24h,draft,,
27,2026-09-15,4,bilan,30 jours de classement — les plus gros mouvements.,5,15:00,2026-09-15T15:00,sondage,Sondage / débat,poll,16,Débat : ce Top 3 est mérité ?,Lien en bio → pass50.store,#pass50 #pass50store #classement #abidjan #live,top3,draft,,
27,2026-09-15,4,bilan,30 jours de classement — les plus gros mouvements.,6,17:00,2026-09-15T17:00,buzz_montee,Buzz / montée,momentum,18,Buzz PASS50 : regarde cette progression.,Lien en bio → pass50.store,#pass50 #pass50store #classement #abidjan #live,biggestGainer|scoreDelta,draft,,
27,2026-09-15,4,bilan,30 jours de classement — les plus gros mouvements.,7,19:00,2026-09-15T19:00,live_radar_soir,Radar live soir,live_alert,15,Qui est en direct maintenant ?,Lien en bio → pass50.store,#pass50 #pass50store #classement #abidjan #live,liveProfiles,draft,,
27,2026-09-15,4,bilan,30 jours de classement — les plus gros mouvements.,8,21:00,2026-09-15T21:00,top3_soir,Top 3 du soir,top3,18,La course continue.,Lien en bio → pass50.store,#pass50 #pass50store #classement #abidjan #live,top3|period24h,draft,,
27,2026-09-15,4,bilan,30 jours de classement — les plus gros mouvements.,9,23:00,2026-09-15T23:00,recap_jour,Récap journée,daily_recap,24,Bilan en 20 secondes.,Lien en bio → pass50.store,#pass50 #pass50store #classement #abidjan #live,top3|biggestGainer|liveCount,draft,,
27,2026-09-15,4,bilan,30 jours de classement — les plus gros mouvements.,10,01:00,2026-09-16T01:00,teaser_lendemain,Teaser lendemain,teaser,14,Le classement ne dort jamais.,Lien en bio → pass50.store,#pass50 #pass50store #classement #abidjan #live,,draft,,
27,2026-09-15,4,bilan,30 jours de classement — les plus gros mouvements.,11,03:00,2026-09-16T03:00,coulisses,Coulisses / éducatif,explainer,20,Pourquoi le classement bouge.,Lien en bio → pass50.store,#pass50 #pass50store #classement #abidjan #live,,draft,,
27,2026-09-15,4,bilan,30 jours de classement — les plus gros mouvements.,12,05:00,2026-09-16T05:00,classement_7j,Classement 7 j,ranking_table,20,Top 5 sur la semaine.,Lien en bio → pass50.store,#pass50 #pass50store #classement #abidjan #live,top5|period7j,draft,,
28,2026-09-16,4,bilan,30 jours de classement — les plus gros mouvements.,1,07:00,2026-09-16T07:00,top3_matin,Top 3 du matin,top3,18,Le classement vient de bouger.,Lien en bio → pass50.store,#pass50 #pass50store #classement #live #buzz,top3|period24h,draft,,
28,2026-09-16,4,bilan,30 jours de classement — les plus gros mouvements.,2,09:00,2026-09-16T09:00,live_radar_matin,Radar live matin,live_alert,15,Quelqu'un est en live — radar PASS50.,Lien en bio → pass50.store,#pass50 #pass50store #classement #live #buzz,liveProfiles,draft,,
28,2026-09-16,4,bilan,30 jours de classement — les plus gros mouvements.,3,11:00,2026-09-16T11:00,fi_spotlight,FI du jour,profile_spotlight,20,Profil à suivre aujourd'hui.,Lien en bio → pass50.store,#pass50 #pass50store #classement #live #buzz,spotlightProfile|scoreDelta,draft,,
28,2026-09-16,4,bilan,30 jours de classement — les plus gros mouvements.,4,13:00,2026-09-16T13:00,classement_24h,Classement 24 h,ranking_table,22,Classement PASS50 — période 24 h.,Lien en bio → pass50.store,#pass50 #pass50store #classement #live #buzz,top10|period24h,draft,,
28,2026-09-16,4,bilan,30 jours de classement — les plus gros mouvements.,5,15:00,2026-09-16T15:00,sondage,Sondage / débat,poll,16,Tu mises sur qui pour ce soir ?,Lien en bio → pass50.store,#pass50 #pass50store #classement #live #buzz,top3,draft,,
28,2026-09-16,4,bilan,30 jours de classement — les plus gros mouvements.,6,17:00,2026-09-16T17:00,buzz_montee,Buzz / montée,momentum,18,Plus grosse montée du moment.,Lien en bio → pass50.store,#pass50 #pass50store #classement #live #buzz,biggestGainer|scoreDelta,draft,,
28,2026-09-16,4,bilan,30 jours de classement — les plus gros mouvements.,7,19:00,2026-09-16T19:00,live_radar_soir,Radar live soir,live_alert,15,Live du soir sur le radar.,Lien en bio → pass50.store,#pass50 #pass50store #classement #live #buzz,liveProfiles,draft,,
28,2026-09-16,4,bilan,30 jours de classement — les plus gros mouvements.,8,21:00,2026-09-16T21:00,top3_soir,Top 3 du soir,top3,18,Top 3 avant minuit.,Lien en bio → pass50.store,#pass50 #pass50store #classement #live #buzz,top3|period24h,draft,,
28,2026-09-16,4,bilan,30 jours de classement — les plus gros mouvements.,9,23:00,2026-09-16T23:00,recap_jour,Récap journée,daily_recap,24,Récap PASS50 de la journée.,Lien en bio → pass50.store,#pass50 #pass50store #classement #live #buzz,top3|biggestGainer|liveCount,draft,,
28,2026-09-16,4,bilan,30 jours de classement — les plus gros mouvements.,10,01:00,2026-09-17T01:00,teaser_lendemain,Teaser lendemain,teaser,14,Demain matin : nouveau Top 3.,Lien en bio → pass50.store,#pass50 #pass50store #classement #live #buzz,,draft,,
28,2026-09-16,4,bilan,30 jours de classement — les plus gros mouvements.,11,03:00,2026-09-17T03:00,coulisses,Coulisses / éducatif,explainer,20,Comment PASS50 calcule un score ?,Lien en bio → pass50.store,#pass50 #pass50store #classement #live #buzz,,draft,,
28,2026-09-16,4,bilan,30 jours de classement — les plus gros mouvements.,12,05:00,2026-09-17T05:00,classement_7j,Classement 7 j,ranking_table,20,Vue 7 jours — qui tient la route ?,Lien en bio → pass50.store,#pass50 #pass50store #classement #live #buzz,top5|period7j,draft,,
29,2026-09-17,4,bilan,30 jours de classement — les plus gros mouvements.,1,07:00,2026-09-17T07:00,top3_matin,Top 3 du matin,top3,18,Top 3 PASS50 ce matin.,Lien en bio → pass50.store,#pass50 #pass50store #classement #buzz #top50,top3|period24h,draft,,
29,2026-09-17,4,bilan,30 jours de classement — les plus gros mouvements.,2,09:00,2026-09-17T09:00,live_radar_matin,Radar live matin,live_alert,15,Alerte live détectée.,Lien en bio → pass50.store,#pass50 #pass50store #classement #buzz #top50,liveProfiles,draft,,
29,2026-09-17,4,bilan,30 jours de classement — les plus gros mouvements.,3,11:00,2026-09-17T11:00,fi_spotlight,FI du jour,profile_spotlight,20,Une FI monte fort.,Lien en bio → pass50.store,#pass50 #pass50store #classement #buzz #top50,spotlightProfile|scoreDelta,draft,,
29,2026-09-17,4,bilan,30 jours de classement — les plus gros mouvements.,4,13:00,2026-09-17T13:00,classement_24h,Classement 24 h,ranking_table,22,Le Top 10 en un écran.,Lien en bio → pass50.store,#pass50 #pass50store #classement #buzz #top50,top10|period24h,draft,,
29,2026-09-17,4,bilan,30 jours de classement — les plus gros mouvements.,5,15:00,2026-09-17T15:00,sondage,Sondage / débat,poll,16,"Commente 1, 2 ou 3.",Lien en bio → pass50.store,#pass50 #pass50store #classement #buzz #top50,top3,draft,,
29,2026-09-17,4,bilan,30 jours de classement — les plus gros mouvements.,6,17:00,2026-09-17T17:00,buzz_montee,Buzz / montée,momentum,18,Ce profil explose le classement.,Lien en bio → pass50.store,#pass50 #pass50store #classement #buzz #top50,biggestGainer|scoreDelta,draft,,
29,2026-09-17,4,bilan,30 jours de classement — les plus gros mouvements.,7,19:00,2026-09-17T19:00,live_radar_soir,Radar live soir,live_alert,15,"Le soir, ça chauffe sur PASS50.",Lien en bio → pass50.store,#pass50 #pass50store #classement #buzz #top50,liveProfiles,draft,,
29,2026-09-17,4,bilan,30 jours de classement — les plus gros mouvements.,8,21:00,2026-09-17T21:00,top3_soir,Top 3 du soir,top3,18,Classement du soir.,Lien en bio → pass50.store,#pass50 #pass50store #classement #buzz #top50,top3|period24h,draft,,
29,2026-09-17,4,bilan,30 jours de classement — les plus gros mouvements.,9,23:00,2026-09-17T23:00,recap_jour,Récap journée,daily_recap,24,Ce qu'il s'est passé aujourd'hui.,Lien en bio → pass50.store,#pass50 #pass50store #classement #buzz #top50,top3|biggestGainer|liveCount,draft,,
29,2026-09-17,4,bilan,30 jours de classement — les plus gros mouvements.,10,01:00,2026-09-18T01:00,teaser_lendemain,Teaser lendemain,teaser,14,Rendez-vous dans 6 h.,Lien en bio → pass50.store,#pass50 #pass50store #classement #buzz #top50,,draft,,
29,2026-09-17,4,bilan,30 jours de classement — les plus gros mouvements.,11,03:00,2026-09-18T03:00,coulisses,Coulisses / éducatif,explainer,20,C'est quoi le radar live ?,Lien en bio → pass50.store,#pass50 #pass50store #classement #buzz #top50,,draft,,
29,2026-09-17,4,bilan,30 jours de classement — les plus gros mouvements.,12,05:00,2026-09-18T05:00,classement_7j,Classement 7 j,ranking_table,20,"Le marathon, pas le sprint.",Lien en bio → pass50.store,#pass50 #pass50store #classement #buzz #top50,top5|period7j,draft,,
30,2026-09-18,4,bilan,30 jours de classement — les plus gros mouvements.,1,07:00,2026-09-18T07:00,top3_matin,Top 3 du matin,top3,18,Qui domine la période 24 h ?,Lien en bio → pass50.store,#pass50 #pass50store #classement #top50 #digital,top3|period24h,draft,,
30,2026-09-18,4,bilan,30 jours de classement — les plus gros mouvements.,2,09:00,2026-09-18T09:00,live_radar_matin,Radar live matin,live_alert,15,Le radar vient de s'allumer.,Lien en bio → pass50.store,#pass50 #pass50store #classement #top50 #digital,liveProfiles,draft,,
30,2026-09-18,4,bilan,30 jours de classement — les plus gros mouvements.,3,11:00,2026-09-18T11:00,fi_spotlight,FI du jour,profile_spotlight,20,Tu connais ce profil PASS50 ?,Lien en bio → pass50.store,#pass50 #pass50store #classement #top50 #digital,spotlightProfile|scoreDelta,draft,,
30,2026-09-18,4,bilan,30 jours de classement — les plus gros mouvements.,4,13:00,2026-09-18T13:00,classement_24h,Classement 24 h,ranking_table,22,Les chiffres ne mentent pas… enfin presque.,Lien en bio → pass50.store,#pass50 #pass50store #classement #top50 #digital,top10|period24h,draft,,
30,2026-09-18,4,bilan,30 jours de classement — les plus gros mouvements.,5,15:00,2026-09-18T15:00,sondage,Sondage / débat,poll,16,Débat : ce Top 3 est mérité ?,Lien en bio → pass50.store,#pass50 #pass50store #classement #top50 #digital,top3,draft,,
30,2026-09-18,4,bilan,30 jours de classement — les plus gros mouvements.,6,17:00,2026-09-18T17:00,buzz_montee,Buzz / montée,momentum,18,Buzz PASS50 : regarde cette progression.,Lien en bio → pass50.store,#pass50 #pass50store #classement #top50 #digital,biggestGainer|scoreDelta,draft,,
30,2026-09-18,4,bilan,30 jours de classement — les plus gros mouvements.,7,19:00,2026-09-18T19:00,live_radar_soir,Radar live soir,live_alert,15,Qui est en direct maintenant ?,Lien en bio → pass50.store,#pass50 #pass50store #classement #top50 #digital,liveProfiles,draft,,
30,2026-09-18,4,bilan,30 jours de classement — les plus gros mouvements.,8,21:00,2026-09-18T21:00,top3_soir,Top 3 du soir,top3,18,La course continue.,Lien en bio → pass50.store,#pass50 #pass50store #classement #top50 #digital,top3|period24h,draft,,
30,2026-09-18,4,bilan,30 jours de classement — les plus gros mouvements.,9,23:00,2026-09-18T23:00,recap_jour,Récap journée,daily_recap,24,Bilan en 20 secondes.,Lien en bio → pass50.store,#pass50 #pass50store #classement #top50 #digital,top3|biggestGainer|liveCount,draft,,
30,2026-09-18,4,bilan,30 jours de classement — les plus gros mouvements.,10,01:00,2026-09-19T01:00,teaser_lendemain,Teaser lendemain,teaser,14,Le classement ne dort jamais.,Lien en bio → pass50.store,#pass50 #pass50store #classement #top50 #digital,,draft,,
30,2026-09-18,4,bilan,30 jours de classement — les plus gros mouvements.,11,03:00,2026-09-19T03:00,coulisses,Coulisses / éducatif,explainer,20,Pourquoi le classement bouge.,Lien en bio → pass50.store,#pass50 #pass50store #classement #top50 #digital,,draft,,
30,2026-09-18,4,bilan,30 jours de classement — les plus gros mouvements.,12,05:00,2026-09-19T05:00,classement_7j,Classement 7 j,ranking_table,20,Top 5 sur la semaine.,Lien en bio → pass50.store,#pass50 #pass50store #classement #top50 #digital,top5|period7j,draft,,
